﻿<?xml version="1.0" encoding="UTF-8" standalone="yes"?>
<XML>
  <Propertys>
    <Property Id="Type" Type="int" Public="0" Private="0" Save="0" View="0" Index="0" SaveInterval="0" RelationValue="Friend" Desc="建筑类型" />
    <Property Id="SubType" Type="int" Public="0" Private="0" Save="0" View="0" Index="0" SaveInterval="0" RelationValue="Friend" Desc="建筑子类型" />
    <Property Id="Prefab" Type="string" Public="0" Private="0" Save="0" View="0" Index="0" SaveInterval="0" RelationValue="Friend" Desc="预设路径" />
    <Property Id="NormalStateFunc" Type="string" Public="0" Private="0" Save="0" View="0" Index="0" SaveInterval="0" RelationValue="Friend" Desc="普通状态下函数" />
    <Property Id="UpStateFunc" Type="string" Public="0" Private="0" Save="0" View="0" Index="0" SaveInterval="0" RelationValue="Friend" Desc="升级状态函数" />
    <Property Id="Icon" Type="string" Public="0" Private="0" Save="0" View="0" Index="0" SaveInterval="0" RelationValue="Friend" Desc="图标" />
    <Property Id="ShowName" Type="string" Public="0" Private="0" Save="0" View="0" Index="0" SaveInterval="0" RelationValue="Friend" Desc="名字" />
    <Property Id="Desc" Type="string" Public="0" Private="0" Save="0" View="0" Index="0" SaveInterval="0" RelationValue="Friend" Desc="描述" />
  </Propertys>
  <Records />
  <Components />
</XML>