﻿<?xml version="1.0" encoding="UTF-8" standalone="yes"?>
<XML>
  <Propertys>
    <Property Id="RoleName" Type="string" Public="1" Private="1" Save="1" View="1" Index="0" SaveInterval="0" RelationValue="Friend" Desc="角色名" />
    <Property Id="Sex" Type="int" Public="1" Private="1" Save="1" View="1" Index="0" SaveInterval="0" RelationValue="Friend" Desc="性别" />
    <Property Id="Race" Type="int" Public="1" Private="1" Save="1" View="1" Index="0" SaveInterval="0" RelationValue="Friend" Desc="种族" />
    <Property Id="Camp" Type="int" Public="1" Private="1" Save="1" View="1" Index="0" SaveInterval="0" RelationValue="Friend" Desc="阵营" />
    <Property Id="LastContainerID" Type="int" Public="0" Private="1" Save="1" View="1" Index="0" SaveInterval="0" RelationValue="Friend" Desc="玩家下线的时候需要保存上次在线的场景" />
    <Property Id="Level" Type="int" Public="1" Private="1" Save="1" View="1" Index="0" SaveInterval="0" RelationValue="Friend" Desc="等级,属性名不能超过20字符,重要的是，分层的属性，不能保存，因为表会自动保存" />
    <Property Id="ShowName" Type="string" Public="1" Private="1" Save="0" View="1" Index="0" SaveInterval="0" RelationValue="Friend" Desc="显示的名字" />
    <Property Id="Gold" Type="int" Public="0" Private="1" Save="1" View="1" Index="0" SaveInterval="0" RelationValue="Friend" Desc="拥有的金钱" />
    <Property Id="Stone" Type="int" Public="0" Private="1" Save="1" View="1" Index="0" SaveInterval="0" RelationValue="Friend" Desc="拥有的石头" />
    <Property Id="Steel" Type="int" Public="0" Private="1" Save="1" View="1" Index="0" SaveInterval="0" RelationValue="Friend" Desc="拥有的铁" />
    <Property Id="Diamond" Type="int" Public="0" Private="1" Save="1" View="1" Index="1" SaveInterval="0" RelationValue="Friend" Desc="拥有的钻石" />
    <Property Id="LoadPropertyFinish" Type="int" Public="1" Private="1" Save="1" View="0" Index="0" SaveInterval="0" RelationValue="Friend" Desc="" />
  </Propertys>
  <Records>
    <Record Id="BuildingList" Row="128" Col="8" Public="0" Private="1" Save="1" View="1" Index="0" SaveInterval="0" RelationValue="Friend" Desc="">
      <Col Type="string" Tag="BuildingID" />
      <Col Type="object" Tag="BuildingGUID" />
      <Col Type="int" Tag="State" />
      <Col Type="int" Tag="PosX" />
      <Col Type="int" Tag="PosY" />
      <Col Type="int" Tag="PosZ" />
      <Col Type="int" Tag="StateStartTime" />
      <Col Type="int" Tag="StateEndTime" />
    </Record>
    <Record Id="BuildingProduce" Row="128" Col="5" Public="0" Private="1" Save="1" View="1" Index="0" SaveInterval="0" RelationValue="Friend" Desc="">
      <Col Type="object" Tag="BuildingGUID" />
      <Col Type="string" Tag="ItemID" />
      <Col Type="int" Tag="LeftCount" />
      <Col Type="int" Tag="OnceTime" />
      <Col Type="int" Tag="OnceStartTime" />
    </Record>
  </Records>
  <Components />
</XML>