﻿<?xml version="1.0" encoding="UTF-8" standalone="yes"?>
<XML>
  <Propertys>
    <Property Id="Sex" Type="int" Public="0" Private="0" Save="0" View="1" Index="0" SaveInterval="0" RelationValue="Friend" Desc="NFSexType" />
    <Property Id="IntensiveBuffList" Type="string" Public="0" Private="0" Save="0" View="1" Index="0" SaveInterval="0" RelationValue="Friend" Desc="强化对应的BUFF列表，最大10次强化那么就9个逗号隔开，对应10个BUFF" />
    <Property Id="EnchantmentBuffList" Type="string" Public="0" Private="0" Save="0" View="1" Index="0" SaveInterval="0" RelationValue="Friend" Desc="附魔对应的BUFF列表，最大10次附魔那么就9个逗号隔开，对应10个BUFF" />
    <Property Id="SuitID" Type="int" Public="0" Private="0" Save="0" View="1" Index="0" SaveInterval="0" RelationValue="Friend" Desc="套装ID" />
    <Property Id="SuitBuffID" Type="string" Public="0" Private="0" Save="0" View="1" Index="0" SaveInterval="0" RelationValue="Friend" Desc="套装BUFFID" />
  </Propertys>
  <Records />
  <Components />
</XML>