﻿<?xml version="1.0" encoding="UTF-8" standalone="yes"?>
<XML>
  <Propertys>
    <Property Id="Name" Type="string" Public="1" Private="1" Save="1" View="1" Index="0" SaveInterval="0" RelationValue="Friend" Desc="工会名" />
    <Property Id="PresidentID" Type="object" Public="1" Private="1" Save="1" View="1" Index="0" SaveInterval="0" RelationValue="Friend" Desc="会长ID" />
    <Property Id="PresidentName" Type="string" Public="1" Private="1" Save="1" View="1" Index="0" SaveInterval="0" RelationValue="Friend" Desc="会长名" />
    <Property Id="Rank" Type="int" Public="1" Private="1" Save="1" View="1" Index="0" SaveInterval="0" RelationValue="Friend" Desc="公会排名" />
    <Property Id="GuildAD" Type="string" Public="1" Private="1" Save="1" View="1" Index="0" SaveInterval="0" RelationValue="Friend" Desc="工会公告" />
    <Property Id="GuildDesc" Type="string" Public="1" Private="1" Save="1" View="1" Index="0" SaveInterval="0" RelationValue="Friend" Desc="工会描述" />
    <Property Id="GuildMoney" Type="int" Public="1" Private="1" Save="1" View="1" Index="0" SaveInterval="0" RelationValue="Friend" Desc="工会财富" />
    <Property Id="GuildLevel" Type="int" Public="1" Private="1" Save="1" View="1" Index="0" SaveInterval="0" RelationValue="Friend" Desc="工会等级" />
    <Property Id="GuildContinueDay" Type="int" Public="1" Private="1" Save="1" View="1" Index="0" SaveInterval="0" RelationValue="Friend" Desc="工会霸占排行榜天数" />
    <Property Id="GuilID" Type="object" Public="1" Private="1" Save="1" View="1" Index="0" SaveInterval="0" RelationValue="Friend" Desc="工会ID" />
    <Property Id="GuilIDIcon" Type="int" Public="1" Private="1" Save="1" View="1" Index="0" SaveInterval="0" RelationValue="Friend" Desc="公会头像" />
    <Property Id="GuildMemeberCount" Type="int" Public="1" Private="1" Save="1" View="1" Index="0" SaveInterval="0" RelationValue="Friend" Desc="成员数量(增加个字段，不然遍历Record太麻烦)" />
    <Property Id="GuildMemeberMaxCount" Type="int" Public="1" Private="1" Save="1" View="1" Index="0" SaveInterval="0" RelationValue="Friend" Desc="成员最大数量" />
    <Property Id="GuildHonor" Type="int" Public="1" Private="1" Save="1" View="1" Index="0" SaveInterval="0" RelationValue="Friend" Desc="公会荣誉" />
  </Propertys>
  <Records>
    <Record Id="GuildBoss" Row="50" Col="8" Public="0" Private="1" Save="1" View="0" Index="0" SaveInterval="0" RelationValue="Friend" Desc="guild">
      <Col Type="object" Tag="GUID" />
      <Col Type="string" Tag="Name" />
      <Col Type="int" Tag="Level" />
      <Col Type="int" Tag="Job" />
      <Col Type="int" Tag="Donation" />
      <Col Type="int" Tag="VIP" />
      <Col Type="int" Tag="Offline" />
      <Col Type="int" Tag="Power" />
    </Record>
    <Record Id="GuildMemberList" Row="50" Col="11" Public="1" Private="1" Save="1" View="0" Index="0" SaveInterval="0" RelationValue="Friend" Desc="guild">
      <Col Type="object" Tag="GUID" />
      <Col Type="string" Tag="Name" />
      <Col Type="int" Tag="Level" />
      <Col Type="int" Tag="Job" />
      <Col Type="int" Tag="Donation" />
      <Col Type="int" Tag="Receive" />
      <Col Type="int" Tag="VIP" />
      <Col Type="int" Tag="Online" />
      <Col Type="int" Tag="Power" />
      <Col Type="int" Tag="Title" />
      <Col Type="int" Tag="GameID" />
    </Record>
    <Record Id="GuildEvent" Row="50" Col="8" Public="0" Private="1" Save="1" View="0" Index="0" SaveInterval="0" RelationValue="Friend" Desc="guild">
      <Col Type="object" Tag="GUID" />
      <Col Type="string" Tag="Name" />
      <Col Type="int" Tag="Level" />
      <Col Type="int" Tag="Job" />
      <Col Type="int" Tag="Donation" />
      <Col Type="int" Tag="VIP" />
      <Col Type="int" Tag="Offline" />
      <Col Type="int" Tag="Power" />
    </Record>
    <Record Id="GuildHouse" Row="50" Col="8" Public="0" Private="1" Save="1" View="0" Index="0" SaveInterval="0" RelationValue="Friend" Desc="guild">
      <Col Type="object" Tag="GUID" />
      <Col Type="string" Tag="Name" />
      <Col Type="int" Tag="Level" />
      <Col Type="int" Tag="Job" />
      <Col Type="int" Tag="Donation" />
      <Col Type="int" Tag="VIP" />
      <Col Type="int" Tag="Offline" />
      <Col Type="int" Tag="Power" />
    </Record>
    <Record Id="GuildSkill" Row="50" Col="8" Public="0" Private="1" Save="1" View="0" Index="0" SaveInterval="0" RelationValue="Friend" Desc="guild">
      <Col Type="object" Tag="GUID" />
      <Col Type="string" Tag="Name" />
      <Col Type="int" Tag="Level" />
      <Col Type="int" Tag="Job" />
      <Col Type="int" Tag="Donation" />
      <Col Type="int" Tag="VIP" />
      <Col Type="int" Tag="Offline" />
      <Col Type="int" Tag="Power" />
    </Record>
  </Records>
  <Components>
    <Component Name="Test" Language="lua" Enable="1" />
  </Components>
</XML>