﻿<?xml version="1.0" encoding="UTF-8" standalone="yes"?>
<XML>
  <Propertys>
    <Property Id="ID" Type="string" Public="0" Private="0" Save="0" View="1" Index="0" SaveInterval="0" RelationValue="Friend" Desc="" />
    <Property Id="ClassName" Type="string" Public="0" Private="0" Save="0" View="1" Index="0" SaveInterval="0" RelationValue="Friend" Desc="" />
    <Property Id="SceneID" Type="int" Public="0" Private="0" Save="0" View="1" Index="0" SaveInterval="0" RelationValue="Friend" Desc="" />
    <Property Id="GroupID" Type="int" Public="0" Private="0" Save="0" View="1" Index="0" SaveInterval="0" RelationValue="Friend" Desc="0全局广播" />
    <Property Id="ConfigID" Type="string" Public="0" Private="0" Save="0" View="1" Index="0" SaveInterval="0" RelationValue="Friend" Desc="" />
  </Propertys>
  <Records />
  <Components />
</XML>