﻿<?xml version="1.0" encoding="UTF-8" standalone="yes"?>
<XML>
  <Propertys>
    <Property Id="SeedID" Type="string" Public="0" Private="0" Save="0" View="1" Index="0" SaveInterval="0" RelationValue="Friend" Desc="种子ID" />
    <Property Id="EXP" Type="int" Public="0" Private="1" Save="1" View="1" Index="0" SaveInterval="0" RelationValue="Friend" Desc="经验获得,如果是怪物，则是掉落经验" />
    <Property Id="HP" Type="int" Public="1" Private="1" Save="0" View="1" Index="0" SaveInterval="0" RelationValue="Friend" Desc="生命值" />
    <Property Id="SP" Type="int" Public="0" Private="1" Save="1" View="1" Index="0" SaveInterval="0" RelationValue="Friend" Desc="体力" />
    <Property Id="MP" Type="int" Public="0" Private="1" Save="1" View="1" Index="0" SaveInterval="0" RelationValue="Friend" Desc="法力值" />
    <Property Id="Money" Type="int" Public="0" Private="1" Save="1" View="1" Index="0" SaveInterval="0" RelationValue="Friend" Desc="钱" />
    <Property Id="LastAttacker" Type="object" Public="0" Private="0" Save="0" View="1" Index="0" SaveInterval="0" RelationValue="Friend" Desc="" />
    <Property Id="X" Type="float" Public="0" Private="0" Save="1" View="1" Index="0" SaveInterval="0" RelationValue="Friend" Desc="" />
    <Property Id="Y" Type="float" Public="0" Private="0" Save="1" View="1" Index="0" SaveInterval="0" RelationValue="Friend" Desc="" />
    <Property Id="Z" Type="float" Public="0" Private="0" Save="1" View="1" Index="0" SaveInterval="0" RelationValue="Friend" Desc="" />
    <Property Id="TargetX" Type="float" Public="0" Private="0" Save="0" View="1" Index="0" SaveInterval="0" RelationValue="Friend" Desc="" />
    <Property Id="TargetY" Type="float" Public="0" Private="0" Save="0" View="1" Index="0" SaveInterval="0" RelationValue="Friend" Desc="" />
    <Property Id="TargetZ" Type="float" Public="0" Private="0" Save="0" View="1" Index="0" SaveInterval="0" RelationValue="Friend" Desc="" />
    <Property Id="MAXHP" Type="int" Public="1" Private="1" Save="0" View="1" Index="0" SaveInterval="0" RelationValue="Friend" Desc="生命值" />
    <Property Id="MAXMP" Type="int" Public="1" Private="1" Save="0" View="1" Index="0" SaveInterval="0" RelationValue="Friend" Desc="法力值" />
    <Property Id="MAXSP" Type="int" Public="1" Private="1" Save="0" View="1" Index="0" SaveInterval="0" RelationValue="Friend" Desc="体力" />
    <Property Id="HPREGEN" Type="int" Public="1" Private="1" Save="0" View="1" Index="0" SaveInterval="0" RelationValue="Friend" Desc="生命值回复" />
    <Property Id="SPREGEN" Type="int" Public="1" Private="1" Save="0" View="1" Index="0" SaveInterval="0" RelationValue="Friend" Desc="体力回复" />
    <Property Id="MPREGEN" Type="int" Public="1" Private="1" Save="0" View="1" Index="0" SaveInterval="0" RelationValue="Friend" Desc="MP回复" />
    <Property Id="ATK_VALUE" Type="int" Public="1" Private="1" Save="0" View="1" Index="0" SaveInterval="0" RelationValue="Friend" Desc="物理攻击力" />
    <Property Id="DEF_VALUE" Type="int" Public="1" Private="1" Save="0" View="1" Index="0" SaveInterval="0" RelationValue="Friend" Desc="物理防御力" />
    <Property Id="MOVE_SPEED" Type="int" Public="1" Private="1" Save="0" View="1" Index="0" SaveInterval="0" RelationValue="Friend" Desc="移动速度,默认单位是10000=1米" />
    <Property Id="ATK_SPEED" Type="int" Public="1" Private="1" Save="0" View="1" Index="0" SaveInterval="0" RelationValue="Friend" Desc="攻击速度默认10000" />
    <Property Id="ATK_FIRE" Type="int" Public="1" Private="1" Save="0" View="1" Index="0" SaveInterval="0" RelationValue="Friend" Desc="火" />
    <Property Id="ATK_LIGHT" Type="int" Public="1" Private="1" Save="0" View="1" Index="0" SaveInterval="0" RelationValue="Friend" Desc="雷电" />
    <Property Id="ATK_ICE" Type="int" Public="1" Private="1" Save="0" View="1" Index="0" SaveInterval="0" RelationValue="Friend" Desc="冰" />
    <Property Id="ATK_POISON" Type="int" Public="1" Private="1" Save="0" View="1" Index="0" SaveInterval="0" RelationValue="Friend" Desc="毒" />
    <Property Id="DEF_FIRE" Type="int" Public="1" Private="1" Save="0" View="1" Index="0" SaveInterval="0" RelationValue="Friend" Desc="火抗" />
    <Property Id="DEF_LIGHT" Type="int" Public="1" Private="1" Save="0" View="1" Index="0" SaveInterval="0" RelationValue="Friend" Desc="雷电抗" />
    <Property Id="DEF_ICE" Type="int" Public="1" Private="1" Save="0" View="1" Index="0" SaveInterval="0" RelationValue="Friend" Desc="冰抗" />
    <Property Id="DEF_POISON" Type="int" Public="1" Private="1" Save="0" View="1" Index="0" SaveInterval="0" RelationValue="Friend" Desc="毒抗" />
    <Property Id="DIZZY_GATE" Type="int" Public="1" Private="1" Save="0" View="1" Index="0" SaveInterval="0" RelationValue="Friend" Desc="眩晕开关" />
    <Property Id="MOVE_GATE" Type="int" Public="1" Private="1" Save="0" View="1" Index="0" SaveInterval="0" RelationValue="Friend" Desc="移动开关" />
    <Property Id="SKILL_GATE" Type="int" Public="1" Private="1" Save="0" View="1" Index="0" SaveInterval="0" RelationValue="Friend" Desc="技能开关" />
    <Property Id="PHYSICAL_GATE" Type="int" Public="1" Private="1" Save="0" View="1" Index="0" SaveInterval="0" RelationValue="Friend" Desc="物理免疫开关" />
    <Property Id="MAGIC_GATE" Type="int" Public="1" Private="1" Save="0" View="1" Index="0" SaveInterval="0" RelationValue="Friend" Desc="魔法免疫开关" />
    <Property Id="BUFF_GATE" Type="int" Public="1" Private="1" Save="0" View="1" Index="0" SaveInterval="0" RelationValue="Friend" Desc="BUFF免疫开关" />
    <Property Id="Prefab" Type="string" Public="0" Private="0" Save="0" View="1" Index="0" SaveInterval="0" RelationValue="Friend" Desc="客户端预设模型" />
    <Property Id="MoveType" Type="int" Public="0" Private="0" Save="0" View="1" Index="0" SaveInterval="0" RelationValue="Friend" Desc="Move类型" />
    <Property Id="AtkDis" Type="float" Public="0" Private="0" Save="0" View="1" Index="0" SaveInterval="0" RelationValue="Friend" Desc="攻击距离" />
    <Property Id="DropPackList" Type="string" Public="0" Private="0" Save="0" View="1" Index="0" SaveInterval="0" RelationValue="Friend" Desc="掉落列表" />
    <Property Id="SkillIDRef" Type="string" Public="0" Private="0" Save="0" View="1" Index="0" SaveInterval="0" RelationValue="Friend" Desc="技能列表索引" />
  </Propertys>
  <Records>
    <Record Id="PosList" Row="64" Col="4" Public="0" Private="1" Save="1" View="0" Index="0" SaveInterval="0" RelationValue="Friend" Desc="">
      <Col Type="float" Tag="X" />
      <Col Type="float" Tag="Y" />
      <Col Type="float" Tag="Z" />
      <Col Type="float" Tag="StayTime" />
    </Record>
  </Records>
  <Components />
</XML>