﻿<?xml version="1.0" encoding="UTF-8" standalone="yes"?>
<XML>
  <Propertys>
    <Property Id="Name" Type="string" Public="1" Private="1" Save="1" View="1" Index="0" SaveInterval="0" RelationValue="Friend" Desc="角色名" />
    <Property Id="Sex" Type="int" Public="1" Private="1" Save="1" View="1" Index="0" SaveInterval="0" RelationValue="Friend" Desc="性别" />
    <Property Id="Race" Type="int" Public="1" Private="1" Save="1" View="1" Index="0" SaveInterval="0" RelationValue="Friend" Desc="种族" />
    <Property Id="Camp" Type="int" Public="1" Private="1" Save="1" View="1" Index="0" SaveInterval="0" RelationValue="Friend" Desc="阵营" />
    <Property Id="LastContainerID" Type="int" Public="1" Private="1" Save="1" View="1" Index="0" SaveInterval="0" RelationValue="Friend" Desc="玩家下线的时候需要保存上次在线的场景" />
    <Property Id="Level" Type="int" Public="1" Private="1" Save="1" View="1" Index="0" SaveInterval="0" RelationValue="Friend" Desc="等级,属性名不能超过20字符,重要的是，分层的属性，不能保存，因为表会自动保存" />
    <Property Id="ShowName" Type="string" Public="1" Private="1" Save="1" View="1" Index="0" SaveInterval="0" RelationValue="Friend" Desc="显示的名字" />
    <Property Id="PrefabPath" Type="string" Public="1" Private="1" Save="1" View="1" Index="0" SaveInterval="0" RelationValue="Friend" Desc="预设路径" />
    <Property Id="FirstTarget" Type="object" Public="1" Private="1" Save="1" View="1" Index="0" SaveInterval="0" RelationValue="Friend" Desc="首要目标" />
    <Property Id="State" Type="int" Public="1" Private="1" Save="1" View="1" Index="0" SaveInterval="0" RelationValue="Friend" Desc="0呆着1跑2走3闪烁4技能飞移5死6平常技能中" />
    <Property Id="LogicState" Type="int" Public="1" Private="1" Save="1" View="1" Index="0" SaveInterval="0" RelationValue="Friend" Desc="逻辑状态，或者说模块独占状态" />
    <Property Id="CharType" Type="int" Public="1" Private="1" Save="1" View="1" Index="0" SaveInterval="0" RelationValue="Friend" Desc="角色类型" />
    <Property Id="Job" Type="int" Public="1" Private="1" Save="1" View="1" Index="0" SaveInterval="0" RelationValue="Friend" Desc="职业" />
    <Property Id="EXP" Type="int" Public="1" Private="1" Save="1" View="1" Index="0" SaveInterval="0" RelationValue="Friend" Desc="经验获得,如果是怪物，则是掉落经验" />
    <Property Id="HP" Type="int" Public="1" Private="1" Save="1" View="1" Index="0" SaveInterval="0" RelationValue="Friend" Desc="生命值" />
    <Property Id="SP" Type="int" Public="1" Private="1" Save="1" View="1" Index="0" SaveInterval="0" RelationValue="Friend" Desc="体力" />
    <Property Id="MP" Type="int" Public="1" Private="1" Save="1" View="1" Index="0" SaveInterval="0" RelationValue="Friend" Desc="法力值" />
    <Property Id="Money" Type="int" Public="1" Private="1" Save="1" View="1" Index="0" SaveInterval="0" RelationValue="Friend" Desc="钱" />
    <Property Id="Account" Type="string" Public="1" Private="1" Save="1" View="1" Index="0" SaveInterval="0" RelationValue="Friend" Desc="玩家的帐号" />
    <Property Id="ConnectKey" Type="string" Public="1" Private="1" Save="1" View="1" Index="0" SaveInterval="0" RelationValue="Friend" Desc="玩家连接服务器的KEY" />
    <Property Id="Gold" Type="int" Public="1" Private="1" Save="1" View="1" Index="0" SaveInterval="0" RelationValue="Friend" Desc="玩家金钱" />
    <Property Id="MAXEXP" Type="int" Public="1" Private="1" Save="1" View="1" Index="0" SaveInterval="0" RelationValue="Friend" Desc="升级需要的经验" />
    <Property Id="DEAD_COUNT" Type="int" Public="1" Private="1" Save="1" View="1" Index="0" SaveInterval="0" RelationValue="Friend" Desc="死亡次数--需要保存的都是因为不分层的属性，分层属性不需要保存，保存各层的值即可" />
    <Property Id="RELIVE_SOUL" Type="int" Public="1" Private="1" Save="1" View="1" Index="0" SaveInterval="0" RelationValue="Friend" Desc="转生次数" />
    <Property Id="GUILD_NAME" Type="string" Public="1" Private="1" Save="1" View="1" Index="0" SaveInterval="0" RelationValue="Friend" Desc="工会ID名字" />
    <Property Id="SPOUSE_NAME" Type="string" Public="1" Private="1" Save="1" View="1" Index="0" SaveInterval="0" RelationValue="Friend" Desc="配偶名字" />
    <Property Id="TEAM_CARD" Type="string" Public="1" Private="1" Save="1" View="1" Index="0" SaveInterval="0" RelationValue="Friend" Desc="佩戴的队旗卡ID" />
    <Property Id="PVP_ATK_CARD" Type="string" Public="1" Private="1" Save="1" View="1" Index="0" SaveInterval="0" RelationValue="Friend" Desc="佩戴的PVP攻击卡" />
    <Property Id="PVP_DEF_CARD" Type="string" Public="1" Private="1" Save="1" View="1" Index="0" SaveInterval="0" RelationValue="Friend" Desc="佩戴的PVP防御卡" />
    <Property Id="LUCKLY_CARD" Type="string" Public="1" Private="1" Save="1" View="1" Index="0" SaveInterval="0" RelationValue="Friend" Desc="佩戴的幸运卡ID" />
    <Property Id="ATK_PVP" Type="int" Public="1" Private="1" Save="1" View="1" Index="0" SaveInterval="0" RelationValue="Friend" Desc="PVP攻击力" />
    <Property Id="DEF_PVP" Type="int" Public="1" Private="1" Save="1" View="1" Index="0" SaveInterval="0" RelationValue="Friend" Desc="PVP防御力" />
    <Property Id="CreditValue" Type="int" Public="1" Private="1" Save="1" View="1" Index="0" SaveInterval="0" RelationValue="Friend" Desc="信用值" />
    <Property Id="SoulValue" Type="int" Public="1" Private="1" Save="1" View="1" Index="0" SaveInterval="0" RelationValue="Friend" Desc="武魂值" />
    <Property Id="OnlineCount" Type="int" Public="1" Private="1" Save="1" View="1" Index="0" SaveInterval="0" RelationValue="Friend" Desc="上线次数" />
    <Property Id="TotalTime" Type="int" Public="1" Private="1" Save="1" View="1" Index="0" SaveInterval="0" RelationValue="Friend" Desc="在线时间" />
    <Property Id="Citizenship" Type="int" Public="1" Private="1" Save="1" View="1" Index="0" SaveInterval="0" RelationValue="Friend" Desc="创建帐号服务器" />
    <Property Id="LastOfflineTime" Type="object" Public="1" Private="1" Save="1" View="1" Index="0" SaveInterval="0" RelationValue="Friend" Desc="上次下线时间" />
    <Property Id="OnlineTime" Type="object" Public="1" Private="1" Save="1" View="1" Index="0" SaveInterval="0" RelationValue="Friend" Desc="本次上线时间" />
    <Property Id="TotalLineTime" Type="object" Public="1" Private="1" Save="1" View="1" Index="0" SaveInterval="0" RelationValue="Friend" Desc="今日在线时长{截至至本次上线时间}" />
    <Property Id="GMLevel" Type="int" Public="1" Private="1" Save="1" View="1" Index="0" SaveInterval="0" RelationValue="Friend" Desc="GM等级" />
    <Property Id="LastAttacker" Type="object" Public="1" Private="1" Save="1" View="1" Index="0" SaveInterval="0" RelationValue="Friend" Desc="" />
    <Property Id="MAXHP" Type="int" Public="1" Private="1" Save="0" View="1" Index="0" SaveInterval="0" RelationValue="Friend" Desc="生命值" />
    <Property Id="MAXMP" Type="int" Public="1" Private="1" Save="0" View="1" Index="0" SaveInterval="0" RelationValue="Friend" Desc="法力值" />
    <Property Id="MAXSP" Type="int" Public="1" Private="1" Save="0" View="1" Index="0" SaveInterval="0" RelationValue="Friend" Desc="体力" />
    <Property Id="HPREGEN" Type="int" Public="1" Private="1" Save="0" View="1" Index="0" SaveInterval="0" RelationValue="Friend" Desc="生命值回复" />
    <Property Id="SPREGEN" Type="int" Public="1" Private="1" Save="0" View="1" Index="0" SaveInterval="0" RelationValue="Friend" Desc="体力回复" />
    <Property Id="MPREGEN" Type="int" Public="1" Private="1" Save="0" View="1" Index="0" SaveInterval="0" RelationValue="Friend" Desc="MP回复" />
    <Property Id="ATK_VALUE" Type="int" Public="1" Private="1" Save="0" View="1" Index="0" SaveInterval="0" RelationValue="Friend" Desc="物理攻击力" />
    <Property Id="DEF_VALUE" Type="int" Public="1" Private="1" Save="0" View="1" Index="0" SaveInterval="0" RelationValue="Friend" Desc="物理防御力" />
    <Property Id="MOVE_SPEED" Type="int" Public="1" Private="1" Save="0" View="1" Index="0" SaveInterval="0" RelationValue="Friend" Desc="移动速度,默认单位是10000=1米" />
    <Property Id="ATK_SPEED" Type="int" Public="1" Private="1" Save="0" View="1" Index="0" SaveInterval="0" RelationValue="Friend" Desc="攻击速度默认10000" />
    <Property Id="ATK_FIRE" Type="int" Public="1" Private="1" Save="0" View="1" Index="0" SaveInterval="0" RelationValue="Friend" Desc="火" />
    <Property Id="ATK_LIGHT" Type="int" Public="1" Private="1" Save="0" View="1" Index="0" SaveInterval="0" RelationValue="Friend" Desc="雷电" />
    <Property Id="ATK_ICE" Type="int" Public="1" Private="1" Save="0" View="1" Index="0" SaveInterval="0" RelationValue="Friend" Desc="冰" />
    <Property Id="ATK_POISON" Type="int" Public="1" Private="1" Save="0" View="1" Index="0" SaveInterval="0" RelationValue="Friend" Desc="毒" />
    <Property Id="DEF_FIRE" Type="int" Public="1" Private="1" Save="0" View="1" Index="0" SaveInterval="0" RelationValue="Friend" Desc="火抗" />
    <Property Id="DEF_LIGHT" Type="int" Public="1" Private="1" Save="0" View="1" Index="0" SaveInterval="0" RelationValue="Friend" Desc="雷电抗" />
    <Property Id="DEF_ICE" Type="int" Public="1" Private="1" Save="0" View="1" Index="0" SaveInterval="0" RelationValue="Friend" Desc="冰抗" />
    <Property Id="DEF_POISON" Type="int" Public="1" Private="1" Save="0" View="1" Index="0" SaveInterval="0" RelationValue="Friend" Desc="毒抗" />
    <Property Id="DIZZY_GATE" Type="int" Public="1" Private="1" Save="0" View="1" Index="0" SaveInterval="0" RelationValue="Friend" Desc="眩晕开关" />
    <Property Id="MOVE_GATE" Type="int" Public="1" Private="1" Save="0" View="1" Index="0" SaveInterval="0" RelationValue="Friend" Desc="移动开关" />
    <Property Id="SKILL_GATE" Type="int" Public="1" Private="1" Save="0" View="1" Index="0" SaveInterval="0" RelationValue="Friend" Desc="技能开关" />
    <Property Id="PHYSICAL_GATE" Type="int" Public="1" Private="1" Save="0" View="1" Index="0" SaveInterval="0" RelationValue="Friend" Desc="物理免疫开关" />
    <Property Id="MAGIC_GATE" Type="int" Public="1" Private="1" Save="0" View="1" Index="0" SaveInterval="0" RelationValue="Friend" Desc="魔法免疫开关" />
    <Property Id="BUFF_GATE" Type="int" Public="1" Private="1" Save="0" View="1" Index="0" SaveInterval="0" RelationValue="Friend" Desc="BUFF免疫开关" />
    <Property Id="X" Type="float" Public="1" Private="1" Save="1" View="1" Index="0" SaveInterval="0" RelationValue="Friend" Desc="" />
    <Property Id="Y" Type="float" Public="1" Private="1" Save="1" View="1" Index="0" SaveInterval="0" RelationValue="Friend" Desc="" />
    <Property Id="Z" Type="float" Public="1" Private="1" Save="1" View="1" Index="0" SaveInterval="0" RelationValue="Friend" Desc="" />
    <Property Id="TargetX" Type="float" Public="1" Private="1" Save="1" View="1" Index="0" SaveInterval="0" RelationValue="Friend" Desc="" />
    <Property Id="TargetY" Type="float" Public="1" Private="1" Save="1" View="1" Index="0" SaveInterval="0" RelationValue="Friend" Desc="" />
    <Property Id="TargetZ" Type="float" Public="1" Private="1" Save="1" View="1" Index="0" SaveInterval="0" RelationValue="Friend" Desc="" />
    <Property Id="PathStep" Type="int" Public="1" Private="1" Save="1" View="1" Index="0" SaveInterval="0" RelationValue="Friend" Desc="" />
    <Property Id="LoadPropertyFinish" Type="int" Public="0" Private="0" Save="0" View="1" Index="0" SaveInterval="0" RelationValue="Friend" Desc="" />
    <Property Id="GameID" Type="int" Public="0" Private="0" Save="1" View="1" Index="0" SaveInterval="0" RelationValue="Friend" Desc="登陆的服ID" />
    <Property Id="GateID" Type="int" Public="0" Private="0" Save="1" View="1" Index="0" SaveInterval="0" RelationValue="Friend" Desc="登陆的网关ID" />
    <Property Id="GuildID" Type="object" Public="0" Private="1" Save="1" View="1" Index="0" SaveInterval="0" RelationValue="Friend" Desc="公会ID" />
  </Propertys>
  <Records>
    <Record Id="PlayerViewItem" Row="11" Col="4" Public="0" Private="1" Save="1" View="1" Index="0" SaveInterval="0" RelationValue="Friend" Desc="">
      <Col Type="string" Tag="ConfigID" />
      <Col Type="int" Tag="EnhanceLevel" />
      <Col Type="string" Tag="InlayStone" />
      <Col Type="string" Tag="SagecraftLevel" />
    </Record>
    <Record Id="CommPropertyValue" Row="15" Col="24" Public="1" Private="1" Save="0" View="0" Index="0" SaveInterval="0" RelationValue="Friend" Desc="所有和战斗，药水有关的，都在这里NPC怪物只有基础和BUFF影响，因此针对玩家和怪物，分2个表.0职业等级叠加属性,1装备属性,2永久BUFF属性,3动态BUFF属性">
      <Col Type="int" Tag="MAXHP" />
      <Col Type="int" Tag="MAXMP" />
      <Col Type="int" Tag="MAXSP" />
      <Col Type="int" Tag="HPREGEN" />
      <Col Type="int" Tag="SPREGEN" />
      <Col Type="int" Tag="MPREGEN" />
      <Col Type="int" Tag="ATK_VALUE" />
      <Col Type="int" Tag="DEF_VALUE" />
      <Col Type="int" Tag="MOVE_SPEED" />
      <Col Type="int" Tag="ATK_SPEED" />
      <Col Type="int" Tag="ATK_FIRE" />
      <Col Type="int" Tag="ATK_LIGHT" />
      <Col Type="int" Tag="ATK_ICE" />
      <Col Type="int" Tag="ATK_POISON" />
      <Col Type="int" Tag="DEF_FIRE" />
      <Col Type="int" Tag="DEF_LIGHT" />
      <Col Type="int" Tag="DEF_ICE" />
      <Col Type="int" Tag="DEF_POISON" />
      <Col Type="int" Tag="DIZZY_GATE" />
      <Col Type="int" Tag="MOVE_GATE" />
      <Col Type="int" Tag="SKILL_GATE" />
      <Col Type="int" Tag="PHYSICAL_GATE" />
      <Col Type="int" Tag="MAGIC_GATE" />
      <Col Type="int" Tag="BUFF_GATE" />
    </Record>
    <Record Id="BagItemList" Row="211" Col="18" Public="0" Private="1" Save="1" View="0" Index="0" SaveInterval="0" RelationValue="Friend" Desc="普通背包">
      <Col Type="object" Tag="GUID" />
      <Col Type="string" Tag="ConfigID" />
      <Col Type="int" Tag="ItemCount" />
      <Col Type="int" Tag="Bound" />
      <Col Type="int" Tag="ExpiredType" />
      <Col Type="int" Tag="SlotCount" />
      <Col Type="string" Tag="InlayStone1" />
      <Col Type="string" Tag="InlayStone2" />
      <Col Type="string" Tag="InlayStone3" />
      <Col Type="string" Tag="InlayStone4" />
      <Col Type="string" Tag="InlayStone5" />
      <Col Type="string" Tag="InlayStone6" />
      <Col Type="string" Tag="EnhancedLevel" />
      <Col Type="int" Tag="SagecraftLevel" />
      <Col Type="string" Tag="SagecraftStone" />
      <Col Type="int" Tag="RandProperty" />
      <Col Type="object" Tag="Date" />
      <Col Type="string" Tag="BaseProperty" />
    </Record>
    <Record Id="EctypeList" Row="128" Col="3" Public="0" Private="1" Save="1" View="0" Index="0" SaveInterval="0" RelationValue="Friend" Desc="副本列表">
      <Col Type="int" Tag="EctypeID" />
      <Col Type="int" Tag="IsPass" />
      <Col Type="int" Tag="Star" />
    </Record>
    <Record Id="DropItemList" Row="256" Col="4" Public="0" Private="1" Save="1" View="0" Index="0" SaveInterval="0" RelationValue="Friend" Desc="怪物掉落表">
      <Col Type="object" Tag="MonsterID" />
      <Col Type="string" Tag="ItemID" />
      <Col Type="int" Tag="ItemCount" />
      <Col Type="int" Tag="DrawState" />
    </Record>
    <Record Id="SkillTable" Row="32" Col="4" Public="0" Private="1" Save="1" View="0" Index="0" SaveInterval="0" RelationValue="Friend" Desc="">
      <Col Type="string" Tag="SkillID" />
      <Col Type="int" Tag="SkillLevel" />
      <Col Type="string" Tag="SkillStone" />
      <Col Type="int" Tag="SkillSoulLevel" />
    </Record>
    <Record Id="TaskMonsterList" Row="8" Col="4" Public="0" Private="1" Save="1" View="0" Index="0" SaveInterval="0" RelationValue="Friend" Desc="任务杀怪表">
      <Col Type="string" Tag="MonsterID" />
      <Col Type="int" Tag="CurrentKillCount" />
      <Col Type="int" Tag="RequireKillCount" />
      <Col Type="string" Tag="TaskID" />
    </Record>
    <Record Id="TaskList" Row="512" Col="3" Public="0" Private="1" Save="1" View="0" Index="0" SaveInterval="0" RelationValue="Friend" Desc="任务表">
      <Col Type="string" Tag="TaskID" />
      <Col Type="int" Tag="TaskStatus" />
      <Col Type="int" Tag="Process" />
    </Record>
    <Record Id="PVPList" Row="8" Col="3" Public="0" Private="1" Save="0" View="0" Index="0" SaveInterval="0" RelationValue="Friend" Desc="任务表">
      <Col Type="object" Tag="ID" />
      <Col Type="string" Tag="Name" />
      <Col Type="int" Tag="Level" />
    </Record>
  </Records>
  <Components>
    <Component Name="Test" Language="lua" Enable="1" />
  </Components>
</XML>