﻿<?xml version="1.0" encoding="UTF-8" standalone="yes"?>
<XML>
  <Propertys>
    <Property Id="Type" Type="int" Public="0" Private="0" Save="1" View="1" Index="0" SaveInterval="0" RelationValue="Friend" Desc="" />
    <Property Id="ItemID" Type="string" Public="0" Private="0" Save="1" View="1" Index="0" SaveInterval="0" RelationValue="Friend" Desc="" />
    <Property Id="Gold" Type="int" Public="0" Private="0" Save="1" View="1" Index="0" SaveInterval="0" RelationValue="Friend" Desc="" />
    <Property Id="Steel" Type="int" Public="0" Private="0" Save="1" View="1" Index="0" SaveInterval="0" RelationValue="Friend" Desc="" />
    <Property Id="Stone" Type="int" Public="0" Private="0" Save="1" View="1" Index="0" SaveInterval="0" RelationValue="Friend" Desc="" />
    <Property Id="Diamond" Type="int" Public="0" Private="0" Save="1" View="1" Index="0" SaveInterval="0" RelationValue="Friend" Desc="" />
    <Property Id="Level" Type="int" Public="0" Private="0" Save="1" View="1" Index="0" SaveInterval="0" RelationValue="Friend" Desc="" />
  </Propertys>
  <Records />
  <Components />
</XML>