﻿<?xml version="1.0" encoding="UTF-8" standalone="yes"?>
<XML>
  <Propertys>
    <Property Id="SkillType" Type="int" Public="0" Private="0" Save="0" View="1" Index="0" SaveInterval="0" RelationValue="Friend" Desc="//普通0短刃类//1普通子弹类(不穿透)//2普通子弹类穿//3普通子弹类单体目标范围(每人头顶闪电那样)/3普通子弹类爆炸目标范围(火矛从天而降那样position)" />
    <Property Id="AnimaState" Type="int" Public="0" Private="0" Save="0" View="1" Index="0" SaveInterval="0" RelationValue="Friend" Desc="技能对应的客户端动作状态" />
    <Property Id="ShowName" Type="string" Public="0" Private="0" Save="0" View="1" Index="0" SaveInterval="0" RelationValue="Friend" Desc="装备名字字符串索引" />
    <Property Id="Desc" Type="string" Public="0" Private="0" Save="0" View="1" Index="0" SaveInterval="0" RelationValue="Friend" Desc="装备描述字符串索引" />
    <Property Id="ConsumeProperty" Type="string" Public="0" Private="0" Save="0" View="1" Index="0" SaveInterval="0" RelationValue="Friend" Desc="消耗属性" />
    <Property Id="ConsumeValue" Type="string" Public="0" Private="0" Save="0" View="1" Index="0" SaveInterval="0" RelationValue="Friend" Desc="消耗值" />
    <Property Id="ConsumeType" Type="int" Public="0" Private="0" Save="0" View="1" Index="0" SaveInterval="0" RelationValue="Friend" Desc="消耗类型，0为绝对值，1为当前值百分比，2为最大值百分比" />
    <Property Id="DamageProperty" Type="string" Public="0" Private="0" Save="0" View="1" Index="0" SaveInterval="0" RelationValue="Friend" Desc="伤害属性" />
    <Property Id="DamageValue" Type="string" Public="0" Private="0" Save="0" View="1" Index="0" SaveInterval="0" RelationValue="Friend" Desc="伤害值" />
    <Property Id="DamageType" Type="int" Public="0" Private="0" Save="0" View="1" Index="0" SaveInterval="0" RelationValue="Friend" Desc="伤害类型，0为绝对值，1为当前值百分比，2为最大值百分比" />
    <Property Id="GetBuffList" Type="string" Public="0" Private="0" Save="0" View="1" Index="0" SaveInterval="0" RelationValue="Friend" Desc="使用后获得的BUFF" />
    <Property Id="SendBuffList" Type="string" Public="0" Private="0" Save="0" View="1" Index="0" SaveInterval="0" RelationValue="Friend" Desc="使用后对方获得的BUFF" />
    <Property Id="CoolDownTime" Type="float" Public="0" Private="0" Save="0" View="1" Index="0" SaveInterval="0" RelationValue="Friend" Desc="使用冷却CD" />
    <Property Id="RequireDistance" Type="float" Public="0" Private="0" Save="0" View="1" Index="0" SaveInterval="0" RelationValue="Friend" Desc="释放要求目标距离" />
    <Property Id="DamageDistance" Type="float" Public="0" Private="0" Save="0" View="1" Index="0" SaveInterval="0" RelationValue="Friend" Desc="伤害距离--群伤需要" />
    <Property Id="TargetType" Type="int" Public="0" Private="0" Save="0" View="1" Index="0" SaveInterval="0" RelationValue="Friend" Desc="目标类别0敌人1自己2队友" />
    <Property Id="NewObject" Type="string" Public="0" Private="0" Save="0" View="1" Index="0" SaveInterval="0" RelationValue="Friend" Desc="产生新的对象--召唤" />
    <Property Id="Icon" Type="string" Public="0" Private="0" Save="0" View="1" Index="0" SaveInterval="0" RelationValue="Friend" Desc="ICON" />
    <Property Id="Atlas" Type="string" Public="0" Private="0" Save="0" View="1" Index="0" SaveInterval="0" RelationValue="Friend" Desc="图集" />
    <Property Id="UpLevel" Type="int" Public="0" Private="0" Save="0" View="1" Index="0" SaveInterval="0" RelationValue="Friend" Desc="升级需要的等级" />
    <Property Id="AfterUpSkillID" Type="string" Public="0" Private="0" Save="0" View="1" Index="0" SaveInterval="0" RelationValue="Friend" Desc="升级后的新技能ID" />
    <Property Id="PlayerSkill" Type="int" Public="0" Private="0" Save="0" View="1" Index="0" SaveInterval="0" RelationValue="Friend" Desc="是否玩家技能" />
    <Property Id="AtkDis" Type="float" Public="0" Private="0" Save="0" View="1" Index="0" SaveInterval="0" RelationValue="Friend" Desc="与目标最合适的攻击距离" />
    <Property Id="NeedTar" Type="int" Public="0" Private="0" Save="0" View="1" Index="0" SaveInterval="0" RelationValue="Friend" Desc="是否必须有目标才能释放" />
    <Property Id="DefaultHitTime" Type="float" Public="0" Private="0" Save="0" View="1" Index="0" SaveInterval="0" RelationValue="Friend" Desc="缺省打击时间（本来应该打到但是物理没碰撞到或者其他原因）" />
  </Propertys>
  <Records />
  <Components />
</XML>