﻿<?xml version="1.0" encoding="UTF-8" standalone="yes"?>
<XML>
  <Propertys>
    <Property Id="ServerID" Type="int" Public="1" Private="0" Save="0" View="1" Index="0" SaveInterval="0" RelationValue="Friend" Desc="" />
    <Property Id="IP" Type="string" Public="1" Private="0" Save="0" View="1" Index="0" SaveInterval="0" RelationValue="Friend" Desc="" />
    <Property Id="Port" Type="int" Public="1" Private="0" Save="0" View="1" Index="0" SaveInterval="0" RelationValue="Friend" Desc="" />
    <Property Id="SqlIP" Type="string" Public="1" Private="0" Save="0" View="1" Index="0" SaveInterval="0" RelationValue="Friend" Desc="" />
    <Property Id="SqlPort" Type="int" Public="1" Private="0" Save="0" View="1" Index="0" SaveInterval="0" RelationValue="Friend" Desc="" />
    <Property Id="SqlUser" Type="string" Public="1" Private="0" Save="0" View="1" Index="0" SaveInterval="0" RelationValue="Friend" Desc="" />
    <Property Id="SqlPwd" Type="string" Public="1" Private="0" Save="0" View="1" Index="0" SaveInterval="0" RelationValue="Friend" Desc="" />
    <Property Id="SqlName" Type="string" Public="1" Private="0" Save="0" View="1" Index="0" SaveInterval="0" RelationValue="Friend" Desc="" />
  </Propertys>
  <Records />
  <Components />
</XML>