﻿<?xml version="1.0" encoding="UTF-8" standalone="yes"?>
<XML>
  <Propertys>
    <Property Id="EFT_INFO" Type="int" Public="0" Private="0" Save="1" View="1" Index="0" SaveInterval="0" RelationValue="Friend" Desc="" />
    <Property Id="EFT_BOOOST" Type="int" Public="0" Private="0" Save="1" View="1" Index="0" SaveInterval="0" RelationValue="Friend" Desc="" />
    <Property Id="EFT_LVLUP" Type="int" Public="0" Private="0" Save="1" View="1" Index="0" SaveInterval="0" RelationValue="Friend" Desc="" />
    <Property Id="EFT_CREATE_SOLDER" Type="int" Public="0" Private="0" Save="1" View="1" Index="0" SaveInterval="0" RelationValue="Friend" Desc="" />
    <Property Id="EFT_CREATE_SPEEL" Type="int" Public="0" Private="0" Save="1" View="1" Index="0" SaveInterval="0" RelationValue="Friend" Desc="" />
    <Property Id="EFT_RESEARCH" Type="int" Public="0" Private="0" Save="1" View="1" Index="0" SaveInterval="0" RelationValue="Friend" Desc="" />
    <Property Id="EFT_COLLECT_GOLD" Type="int" Public="0" Private="0" Save="1" View="1" Index="0" SaveInterval="0" RelationValue="Friend" Desc="" />
    <Property Id="EFT_COLLECT_STONE" Type="int" Public="0" Private="0" Save="1" View="1" Index="0" SaveInterval="0" RelationValue="Friend" Desc="" />
    <Property Id="EFT_COLLECT_STEEL" Type="int" Public="0" Private="0" Save="1" View="1" Index="1" SaveInterval="1" RelationValue="Friend" Desc="" />
    <Property Id="EFT_COLLECT_DIAMOND" Type="int" Public="0" Private="0" Save="1" View="1" Index="2" SaveInterval="2" RelationValue="Friend" Desc="" />
    <Property Id="EFT_SELL" Type="int" Public="0" Private="0" Save="1" View="1" Index="3" SaveInterval="3" RelationValue="Friend" Desc="" />
    <Property Id="EFT_REPAIR" Type="int" Public="0" Private="0" Save="1" View="1" Index="4" SaveInterval="4" RelationValue="Friend" Desc="" />
    <Property Id="EFT_CANCEL" Type="int" Public="0" Private="0" Save="1" View="1" Index="5" SaveInterval="5" RelationValue="Friend" Desc="" />
    <Property Id="EFT_FINISH" Type="int" Public="0" Private="0" Save="1" View="1" Index="6" SaveInterval="6" RelationValue="Friend" Desc="" />
  </Propertys>
  <Records />
  <Components />
</XML>