﻿<?xml version="1.0" encoding="UTF-8" standalone="yes"?>
<XML>
  <Propertys>
    <Property Id="Type" Type="int" Public="0" Private="0" Save="0" View="1" Index="0" SaveInterval="0" RelationValue="Friend" Desc="任务类别" Records="" Includes="" />
    <Property Id="NextTaskID" Type="string" Public="0" Private="0" Save="0" View="1" Index="0" SaveInterval="0" RelationValue="Friend" Desc="下一个任务ID" Records="" Includes="" />
    <Property Id="KillMonsterName" Type="string" Public="0" Private="0" Save="0" View="1" Index="0" SaveInterval="0" RelationValue="Friend" Desc="要求杀的怪，逗号分开" Records="" Includes="" />
    <Property Id="KillCount" Type="string" Public="0" Private="0" Save="0" View="1" Index="0" SaveInterval="0" RelationValue="Friend" Desc="要求杀的怪数量，逗号分开" Records="" Includes="" />
    <Property Id="LevelReq" Type="string" Public="0" Private="0" Save="0" View="1" Index="0" SaveInterval="0" RelationValue="Friend" Desc="任务限制等级" Records="" Includes="" />
    <Property Id="AwardExp" Type="int" Public="0" Private="0" Save="0" View="1" Index="0" SaveInterval="0" RelationValue="Friend" Desc="奖励的经验" Records="" Includes="" />
    <Property Id="AwardGold" Type="int" Public="0" Private="0" Save="0" View="1" Index="0" SaveInterval="0" RelationValue="Friend" Desc="奖励的金币" Records="" Includes="" />
    <Property Id="AwardPack" Type="string" Public="0" Private="0" Save="0" View="1" Index="0" SaveInterval="0" RelationValue="Friend" Desc="奖励包" Records="" Includes="" />
    <Property Id="Desc" Type="string" Public="0" Private="0" Save="0" View="1" Index="0" SaveInterval="0" RelationValue="Friend" Desc="任务描述" Records="" Includes="" />
  </Propertys>
  <Records />
  <Components />
</XML>