﻿<?xml version="1.0" encoding="UTF-8" standalone="yes"?>
<XML>
  <Object ID="Build_Altar_1" Type="0" SubType="0" Prefab="Prefabs/Object/Altar_1_1" NormalStateFunc="Func1" UpStateFunc="Func1" Icon="Altar_1_1" ShowName="一级祭坛" Desc="一级祭坛" />
  <Object ID="Build_Arena_1" Type="0" SubType="0" Prefab="Prefabs/Object/Arena_1_1" NormalStateFunc="Func1" UpStateFunc="Func1" Icon="Arena_1_1" ShowName="一级竞技场" Desc="一级竞技场" />
  <Object ID="Build_Camp_1" Type="0" SubType="0" Prefab="Prefabs/Object/Camp_1_1" NormalStateFunc="Func1" UpStateFunc="Func1" Icon="Camp_1_1" ShowName="一级兵营" Desc="一级兵营" />
  <Object ID="Build_Gold_Mine_1" Type="0" SubType="0" Prefab="Prefabs/Object/GoldMine_1_1" NormalStateFunc="Func1" UpStateFunc="Func1" Icon="GoldMine_1_1" ShowName="一级金矿" Desc="一级金矿" />
  <Object ID="Build_Item_Hourse_1" Type="0" SubType="0" Prefab="Prefabs/Object/Item_hourse_1_1" NormalStateFunc="Func1" UpStateFunc="Func1" Icon="Item_hourse_1_1" ShowName="一级道具屋" Desc="一级道具屋" />
  <Object ID="Build_League_1" Type="0" SubType="0" Prefab="Prefabs/Object/League_1_1" NormalStateFunc="Func1" UpStateFunc="Func1" Icon="League_1_1" ShowName="一级公会" Desc="一级公会" />
  <Object ID="Build_Magic_Hourse_1" Type="0" SubType="0" Prefab="Prefabs/Object/MagicHourse_1_1" NormalStateFunc="Func1" UpStateFunc="Func1" Icon="MagicHourse_1_1" ShowName="一级魔法屋" Desc="一级魔法屋" />
  <Object ID="Build_Tower_1" Type="0" SubType="0" Prefab="Prefabs/Object/Tower_1_1" NormalStateFunc="Func1" UpStateFunc="Func1" Icon="Tower_1_1" ShowName="一级箭塔" Desc="一级箭塔" />
  <Object ID="Build_Town_1" Type="0" SubType="0" Prefab="Prefabs/Object/Town_1_1" NormalStateFunc="Func1" UpStateFunc="Func1" Icon="Town_1_1" ShowName="一级大厅" Desc="一级大厅" />
</XML>