﻿<?xml version="1.0" encoding="UTF-8" standalone="yes"?>
<XML>
  <Object ID="PlayerAtt1" MAXHP="50" MAXSP="0" SpRegenTime="" ATK_VALUE="50" DEF_VALUE="50" DODGE_VALUE="50" CRITICAL_VALUE="50" HPREGEN="0" CRITICAL_RATIO_VALUE="100" RESIST_VALUE="0" DEF_CRITICAL_RATIO_VALUE="50" DEF_HALT_VALUE="100" DEF_SLOW_VALUE="100" DEF_SILENCE_VALUE="100" DEF_DIZZY_VALUE="100" DEF_FREZE_VALUE="100" MOVE_SPEED="55000" ATK_SPEED="0" EQUIP_SCALE="0" ESSENCE_SCALE="0" GOLD_SCALE="0" PHYSICAL_BREAK="100" VPREGEN="0" MAXHP_ADD_RATE="0" ATK_ADD_RATE="0" DEF_ADD_RATE="0" CRITICAL_ADD_RATE="0" />
  <Object ID="PlayerAtt2" MAXHP="150" MAXSP="0" SpRegenTime="" ATK_VALUE="150" DEF_VALUE="50" DODGE_VALUE="50" CRITICAL_VALUE="50" HPREGEN="0" CRITICAL_RATIO_VALUE="100" RESIST_VALUE="0" DEF_CRITICAL_RATIO_VALUE="50" DEF_HALT_VALUE="100" DEF_SLOW_VALUE="100" DEF_SILENCE_VALUE="100" DEF_DIZZY_VALUE="100" DEF_FREZE_VALUE="100" MOVE_SPEED="55000" ATK_SPEED="0" EQUIP_SCALE="0" ESSENCE_SCALE="0" GOLD_SCALE="0" PHYSICAL_BREAK="100" VPREGEN="0" MAXHP_ADD_RATE="0" ATK_ADD_RATE="0" DEF_ADD_RATE="0" CRITICAL_ADD_RATE="0" />
  <Object ID="PlayerAtt3" MAXHP="250" MAXSP="0" SpRegenTime="" ATK_VALUE="250" DEF_VALUE="50" DODGE_VALUE="50" CRITICAL_VALUE="50" HPREGEN="0" CRITICAL_RATIO_VALUE="100" RESIST_VALUE="0" DEF_CRITICAL_RATIO_VALUE="50" DEF_HALT_VALUE="100" DEF_SLOW_VALUE="100" DEF_SILENCE_VALUE="100" DEF_DIZZY_VALUE="100" DEF_FREZE_VALUE="100" MOVE_SPEED="55000" ATK_SPEED="0" EQUIP_SCALE="0" ESSENCE_SCALE="0" GOLD_SCALE="0" PHYSICAL_BREAK="100" VPREGEN="0" MAXHP_ADD_RATE="0" ATK_ADD_RATE="0" DEF_ADD_RATE="0" CRITICAL_ADD_RATE="0" />
  <Object ID="PlayerAtt4" MAXHP="350" MAXSP="0" SpRegenTime="" ATK_VALUE="350" DEF_VALUE="50" DODGE_VALUE="50" CRITICAL_VALUE="50" HPREGEN="0" CRITICAL_RATIO_VALUE="100" RESIST_VALUE="0" DEF_CRITICAL_RATIO_VALUE="50" DEF_HALT_VALUE="100" DEF_SLOW_VALUE="100" DEF_SILENCE_VALUE="100" DEF_DIZZY_VALUE="100" DEF_FREZE_VALUE="100" MOVE_SPEED="55000" ATK_SPEED="0" EQUIP_SCALE="0" ESSENCE_SCALE="0" GOLD_SCALE="0" PHYSICAL_BREAK="100" VPREGEN="0" MAXHP_ADD_RATE="0" ATK_ADD_RATE="0" DEF_ADD_RATE="0" CRITICAL_ADD_RATE="0" />
  <Object ID="PlayerAtt5" MAXHP="450" MAXSP="0" SpRegenTime="" ATK_VALUE="450" DEF_VALUE="50" DODGE_VALUE="50" CRITICAL_VALUE="50" HPREGEN="0" CRITICAL_RATIO_VALUE="100" RESIST_VALUE="0" DEF_CRITICAL_RATIO_VALUE="50" DEF_HALT_VALUE="100" DEF_SLOW_VALUE="100" DEF_SILENCE_VALUE="100" DEF_DIZZY_VALUE="100" DEF_FREZE_VALUE="100" MOVE_SPEED="55000" ATK_SPEED="0" EQUIP_SCALE="0" ESSENCE_SCALE="0" GOLD_SCALE="0" PHYSICAL_BREAK="100" VPREGEN="0" MAXHP_ADD_RATE="0" ATK_ADD_RATE="0" DEF_ADD_RATE="0" CRITICAL_ADD_RATE="0" />
  <Object ID="PlayerAtt6" MAXHP="550" MAXSP="0" SpRegenTime="" ATK_VALUE="550" DEF_VALUE="50" DODGE_VALUE="50" CRITICAL_VALUE="50" HPREGEN="0" CRITICAL_RATIO_VALUE="100" RESIST_VALUE="0" DEF_CRITICAL_RATIO_VALUE="50" DEF_HALT_VALUE="100" DEF_SLOW_VALUE="100" DEF_SILENCE_VALUE="100" DEF_DIZZY_VALUE="100" DEF_FREZE_VALUE="100" MOVE_SPEED="55000" ATK_SPEED="0" EQUIP_SCALE="0" ESSENCE_SCALE="0" GOLD_SCALE="0" PHYSICAL_BREAK="100" VPREGEN="0" MAXHP_ADD_RATE="0" ATK_ADD_RATE="0" DEF_ADD_RATE="0" CRITICAL_ADD_RATE="0" />
  <Object ID="PlayerAtt7" MAXHP="650" MAXSP="0" SpRegenTime="" ATK_VALUE="650" DEF_VALUE="50" DODGE_VALUE="50" CRITICAL_VALUE="50" HPREGEN="0" CRITICAL_RATIO_VALUE="100" RESIST_VALUE="0" DEF_CRITICAL_RATIO_VALUE="50" DEF_HALT_VALUE="100" DEF_SLOW_VALUE="100" DEF_SILENCE_VALUE="100" DEF_DIZZY_VALUE="100" DEF_FREZE_VALUE="100" MOVE_SPEED="55000" ATK_SPEED="0" EQUIP_SCALE="0" ESSENCE_SCALE="0" GOLD_SCALE="0" PHYSICAL_BREAK="100" VPREGEN="0" MAXHP_ADD_RATE="0" ATK_ADD_RATE="0" DEF_ADD_RATE="0" CRITICAL_ADD_RATE="0" />
  <Object ID="PlayerAtt8" MAXHP="750" MAXSP="0" SpRegenTime="" ATK_VALUE="750" DEF_VALUE="50" DODGE_VALUE="50" CRITICAL_VALUE="50" HPREGEN="0" CRITICAL_RATIO_VALUE="100" RESIST_VALUE="0" DEF_CRITICAL_RATIO_VALUE="50" DEF_HALT_VALUE="100" DEF_SLOW_VALUE="100" DEF_SILENCE_VALUE="100" DEF_DIZZY_VALUE="100" DEF_FREZE_VALUE="100" MOVE_SPEED="55000" ATK_SPEED="0" EQUIP_SCALE="0" ESSENCE_SCALE="0" GOLD_SCALE="0" PHYSICAL_BREAK="100" VPREGEN="0" MAXHP_ADD_RATE="0" ATK_ADD_RATE="0" DEF_ADD_RATE="0" CRITICAL_ADD_RATE="0" />
  <Object ID="PlayerAtt9" MAXHP="850" MAXSP="0" SpRegenTime="" ATK_VALUE="850" DEF_VALUE="50" DODGE_VALUE="50" CRITICAL_VALUE="50" HPREGEN="0" CRITICAL_RATIO_VALUE="100" RESIST_VALUE="0" DEF_CRITICAL_RATIO_VALUE="50" DEF_HALT_VALUE="100" DEF_SLOW_VALUE="100" DEF_SILENCE_VALUE="100" DEF_DIZZY_VALUE="100" DEF_FREZE_VALUE="100" MOVE_SPEED="55000" ATK_SPEED="0" EQUIP_SCALE="0" ESSENCE_SCALE="0" GOLD_SCALE="0" PHYSICAL_BREAK="100" VPREGEN="0" MAXHP_ADD_RATE="0" ATK_ADD_RATE="0" DEF_ADD_RATE="0" CRITICAL_ADD_RATE="0" />
  <Object ID="PlayerAtt10" MAXHP="950" MAXSP="0" SpRegenTime="" ATK_VALUE="950" DEF_VALUE="50" DODGE_VALUE="50" CRITICAL_VALUE="50" HPREGEN="0" CRITICAL_RATIO_VALUE="100" RESIST_VALUE="0" DEF_CRITICAL_RATIO_VALUE="50" DEF_HALT_VALUE="100" DEF_SLOW_VALUE="100" DEF_SILENCE_VALUE="100" DEF_DIZZY_VALUE="100" DEF_FREZE_VALUE="100" MOVE_SPEED="55000" ATK_SPEED="0" EQUIP_SCALE="0" ESSENCE_SCALE="0" GOLD_SCALE="0" PHYSICAL_BREAK="100" VPREGEN="0" MAXHP_ADD_RATE="0" ATK_ADD_RATE="0" DEF_ADD_RATE="0" CRITICAL_ADD_RATE="0" />
  <Object ID="PlayerAtt11" MAXHP="1050" MAXSP="0" SpRegenTime="" ATK_VALUE="1050" DEF_VALUE="50" DODGE_VALUE="50" CRITICAL_VALUE="50" HPREGEN="0" CRITICAL_RATIO_VALUE="100" RESIST_VALUE="0" DEF_CRITICAL_RATIO_VALUE="50" DEF_HALT_VALUE="100" DEF_SLOW_VALUE="100" DEF_SILENCE_VALUE="100" DEF_DIZZY_VALUE="100" DEF_FREZE_VALUE="100" MOVE_SPEED="55000" ATK_SPEED="0" EQUIP_SCALE="0" ESSENCE_SCALE="0" GOLD_SCALE="0" PHYSICAL_BREAK="100" VPREGEN="0" MAXHP_ADD_RATE="0" ATK_ADD_RATE="0" DEF_ADD_RATE="0" CRITICAL_ADD_RATE="0" />
  <Object ID="PlayerAtt12" MAXHP="1150" MAXSP="0" SpRegenTime="" ATK_VALUE="1150" DEF_VALUE="50" DODGE_VALUE="50" CRITICAL_VALUE="50" HPREGEN="0" CRITICAL_RATIO_VALUE="100" RESIST_VALUE="0" DEF_CRITICAL_RATIO_VALUE="50" DEF_HALT_VALUE="100" DEF_SLOW_VALUE="100" DEF_SILENCE_VALUE="100" DEF_DIZZY_VALUE="100" DEF_FREZE_VALUE="100" MOVE_SPEED="55000" ATK_SPEED="0" EQUIP_SCALE="0" ESSENCE_SCALE="0" GOLD_SCALE="0" PHYSICAL_BREAK="100" VPREGEN="0" MAXHP_ADD_RATE="0" ATK_ADD_RATE="0" DEF_ADD_RATE="0" CRITICAL_ADD_RATE="0" />
  <Object ID="PlayerAtt13" MAXHP="1250" MAXSP="0" SpRegenTime="" ATK_VALUE="1250" DEF_VALUE="50" DODGE_VALUE="50" CRITICAL_VALUE="50" HPREGEN="0" CRITICAL_RATIO_VALUE="100" RESIST_VALUE="0" DEF_CRITICAL_RATIO_VALUE="50" DEF_HALT_VALUE="100" DEF_SLOW_VALUE="100" DEF_SILENCE_VALUE="100" DEF_DIZZY_VALUE="100" DEF_FREZE_VALUE="100" MOVE_SPEED="55000" ATK_SPEED="0" EQUIP_SCALE="0" ESSENCE_SCALE="0" GOLD_SCALE="0" PHYSICAL_BREAK="100" VPREGEN="0" MAXHP_ADD_RATE="0" ATK_ADD_RATE="0" DEF_ADD_RATE="0" CRITICAL_ADD_RATE="0" />
  <Object ID="PlayerAtt14" MAXHP="1350" MAXSP="0" SpRegenTime="" ATK_VALUE="1350" DEF_VALUE="50" DODGE_VALUE="50" CRITICAL_VALUE="50" HPREGEN="0" CRITICAL_RATIO_VALUE="100" RESIST_VALUE="0" DEF_CRITICAL_RATIO_VALUE="50" DEF_HALT_VALUE="100" DEF_SLOW_VALUE="100" DEF_SILENCE_VALUE="100" DEF_DIZZY_VALUE="100" DEF_FREZE_VALUE="100" MOVE_SPEED="55000" ATK_SPEED="0" EQUIP_SCALE="0" ESSENCE_SCALE="0" GOLD_SCALE="0" PHYSICAL_BREAK="100" VPREGEN="0" MAXHP_ADD_RATE="0" ATK_ADD_RATE="0" DEF_ADD_RATE="0" CRITICAL_ADD_RATE="0" />
  <Object ID="PlayerAtt15" MAXHP="1450" MAXSP="0" SpRegenTime="" ATK_VALUE="1450" DEF_VALUE="50" DODGE_VALUE="50" CRITICAL_VALUE="50" HPREGEN="0" CRITICAL_RATIO_VALUE="100" RESIST_VALUE="0" DEF_CRITICAL_RATIO_VALUE="50" DEF_HALT_VALUE="100" DEF_SLOW_VALUE="100" DEF_SILENCE_VALUE="100" DEF_DIZZY_VALUE="100" DEF_FREZE_VALUE="100" MOVE_SPEED="55000" ATK_SPEED="0" EQUIP_SCALE="0" ESSENCE_SCALE="0" GOLD_SCALE="0" PHYSICAL_BREAK="100" VPREGEN="0" MAXHP_ADD_RATE="0" ATK_ADD_RATE="0" DEF_ADD_RATE="0" CRITICAL_ADD_RATE="0" />
  <Object ID="PlayerAtt16" MAXHP="1550" MAXSP="0" SpRegenTime="" ATK_VALUE="1550" DEF_VALUE="50" DODGE_VALUE="50" CRITICAL_VALUE="50" HPREGEN="0" CRITICAL_RATIO_VALUE="100" RESIST_VALUE="0" DEF_CRITICAL_RATIO_VALUE="50" DEF_HALT_VALUE="100" DEF_SLOW_VALUE="100" DEF_SILENCE_VALUE="100" DEF_DIZZY_VALUE="100" DEF_FREZE_VALUE="100" MOVE_SPEED="55000" ATK_SPEED="0" EQUIP_SCALE="0" ESSENCE_SCALE="0" GOLD_SCALE="0" PHYSICAL_BREAK="100" VPREGEN="0" MAXHP_ADD_RATE="0" ATK_ADD_RATE="0" DEF_ADD_RATE="0" CRITICAL_ADD_RATE="0" />
  <Object ID="PlayerAtt17" MAXHP="1650" MAXSP="0" SpRegenTime="" ATK_VALUE="1650" DEF_VALUE="50" DODGE_VALUE="50" CRITICAL_VALUE="50" HPREGEN="0" CRITICAL_RATIO_VALUE="100" RESIST_VALUE="0" DEF_CRITICAL_RATIO_VALUE="50" DEF_HALT_VALUE="100" DEF_SLOW_VALUE="100" DEF_SILENCE_VALUE="100" DEF_DIZZY_VALUE="100" DEF_FREZE_VALUE="100" MOVE_SPEED="55000" ATK_SPEED="0" EQUIP_SCALE="0" ESSENCE_SCALE="0" GOLD_SCALE="0" PHYSICAL_BREAK="100" VPREGEN="0" MAXHP_ADD_RATE="0" ATK_ADD_RATE="0" DEF_ADD_RATE="0" CRITICAL_ADD_RATE="0" />
  <Object ID="PlayerAtt18" MAXHP="1750" MAXSP="0" SpRegenTime="" ATK_VALUE="1750" DEF_VALUE="50" DODGE_VALUE="50" CRITICAL_VALUE="50" HPREGEN="0" CRITICAL_RATIO_VALUE="100" RESIST_VALUE="0" DEF_CRITICAL_RATIO_VALUE="50" DEF_HALT_VALUE="100" DEF_SLOW_VALUE="100" DEF_SILENCE_VALUE="100" DEF_DIZZY_VALUE="100" DEF_FREZE_VALUE="100" MOVE_SPEED="55000" ATK_SPEED="0" EQUIP_SCALE="0" ESSENCE_SCALE="0" GOLD_SCALE="0" PHYSICAL_BREAK="100" VPREGEN="0" MAXHP_ADD_RATE="0" ATK_ADD_RATE="0" DEF_ADD_RATE="0" CRITICAL_ADD_RATE="0" />
  <Object ID="PlayerAtt19" MAXHP="1850" MAXSP="0" SpRegenTime="" ATK_VALUE="1850" DEF_VALUE="50" DODGE_VALUE="50" CRITICAL_VALUE="50" HPREGEN="0" CRITICAL_RATIO_VALUE="100" RESIST_VALUE="0" DEF_CRITICAL_RATIO_VALUE="50" DEF_HALT_VALUE="100" DEF_SLOW_VALUE="100" DEF_SILENCE_VALUE="100" DEF_DIZZY_VALUE="100" DEF_FREZE_VALUE="100" MOVE_SPEED="55000" ATK_SPEED="0" EQUIP_SCALE="0" ESSENCE_SCALE="0" GOLD_SCALE="0" PHYSICAL_BREAK="100" VPREGEN="0" MAXHP_ADD_RATE="0" ATK_ADD_RATE="0" DEF_ADD_RATE="0" CRITICAL_ADD_RATE="0" />
  <Object ID="PlayerAtt20" MAXHP="1950" MAXSP="0" SpRegenTime="" ATK_VALUE="1950" DEF_VALUE="50" DODGE_VALUE="50" CRITICAL_VALUE="50" HPREGEN="0" CRITICAL_RATIO_VALUE="100" RESIST_VALUE="0" DEF_CRITICAL_RATIO_VALUE="50" DEF_HALT_VALUE="100" DEF_SLOW_VALUE="100" DEF_SILENCE_VALUE="100" DEF_DIZZY_VALUE="100" DEF_FREZE_VALUE="100" MOVE_SPEED="55000" ATK_SPEED="0" EQUIP_SCALE="0" ESSENCE_SCALE="0" GOLD_SCALE="0" PHYSICAL_BREAK="100" VPREGEN="0" MAXHP_ADD_RATE="0" ATK_ADD_RATE="0" DEF_ADD_RATE="0" CRITICAL_ADD_RATE="0" />
  <Object ID="PlayerAtt21" MAXHP="2050" MAXSP="0" SpRegenTime="" ATK_VALUE="2050" DEF_VALUE="50" DODGE_VALUE="50" CRITICAL_VALUE="50" HPREGEN="0" CRITICAL_RATIO_VALUE="100" RESIST_VALUE="0" DEF_CRITICAL_RATIO_VALUE="50" DEF_HALT_VALUE="100" DEF_SLOW_VALUE="100" DEF_SILENCE_VALUE="100" DEF_DIZZY_VALUE="100" DEF_FREZE_VALUE="100" MOVE_SPEED="55000" ATK_SPEED="0" EQUIP_SCALE="0" ESSENCE_SCALE="0" GOLD_SCALE="0" PHYSICAL_BREAK="100" VPREGEN="0" MAXHP_ADD_RATE="0" ATK_ADD_RATE="0" DEF_ADD_RATE="0" CRITICAL_ADD_RATE="0" />
  <Object ID="PlayerAtt22" MAXHP="2150" MAXSP="0" SpRegenTime="" ATK_VALUE="2150" DEF_VALUE="50" DODGE_VALUE="50" CRITICAL_VALUE="50" HPREGEN="0" CRITICAL_RATIO_VALUE="100" RESIST_VALUE="0" DEF_CRITICAL_RATIO_VALUE="50" DEF_HALT_VALUE="100" DEF_SLOW_VALUE="100" DEF_SILENCE_VALUE="100" DEF_DIZZY_VALUE="100" DEF_FREZE_VALUE="100" MOVE_SPEED="55000" ATK_SPEED="0" EQUIP_SCALE="0" ESSENCE_SCALE="0" GOLD_SCALE="0" PHYSICAL_BREAK="100" VPREGEN="0" MAXHP_ADD_RATE="0" ATK_ADD_RATE="0" DEF_ADD_RATE="0" CRITICAL_ADD_RATE="0" />
  <Object ID="PlayerAtt23" MAXHP="2250" MAXSP="0" SpRegenTime="" ATK_VALUE="2250" DEF_VALUE="50" DODGE_VALUE="50" CRITICAL_VALUE="50" HPREGEN="0" CRITICAL_RATIO_VALUE="100" RESIST_VALUE="0" DEF_CRITICAL_RATIO_VALUE="50" DEF_HALT_VALUE="100" DEF_SLOW_VALUE="100" DEF_SILENCE_VALUE="100" DEF_DIZZY_VALUE="100" DEF_FREZE_VALUE="100" MOVE_SPEED="55000" ATK_SPEED="0" EQUIP_SCALE="0" ESSENCE_SCALE="0" GOLD_SCALE="0" PHYSICAL_BREAK="100" VPREGEN="0" MAXHP_ADD_RATE="0" ATK_ADD_RATE="0" DEF_ADD_RATE="0" CRITICAL_ADD_RATE="0" />
  <Object ID="PlayerAtt24" MAXHP="2350" MAXSP="0" SpRegenTime="" ATK_VALUE="2350" DEF_VALUE="50" DODGE_VALUE="50" CRITICAL_VALUE="50" HPREGEN="0" CRITICAL_RATIO_VALUE="100" RESIST_VALUE="0" DEF_CRITICAL_RATIO_VALUE="50" DEF_HALT_VALUE="100" DEF_SLOW_VALUE="100" DEF_SILENCE_VALUE="100" DEF_DIZZY_VALUE="100" DEF_FREZE_VALUE="100" MOVE_SPEED="55000" ATK_SPEED="0" EQUIP_SCALE="0" ESSENCE_SCALE="0" GOLD_SCALE="0" PHYSICAL_BREAK="100" VPREGEN="0" MAXHP_ADD_RATE="0" ATK_ADD_RATE="0" DEF_ADD_RATE="0" CRITICAL_ADD_RATE="0" />
  <Object ID="PlayerAtt25" MAXHP="2450" MAXSP="0" SpRegenTime="" ATK_VALUE="2450" DEF_VALUE="50" DODGE_VALUE="50" CRITICAL_VALUE="50" HPREGEN="0" CRITICAL_RATIO_VALUE="100" RESIST_VALUE="0" DEF_CRITICAL_RATIO_VALUE="50" DEF_HALT_VALUE="100" DEF_SLOW_VALUE="100" DEF_SILENCE_VALUE="100" DEF_DIZZY_VALUE="100" DEF_FREZE_VALUE="100" MOVE_SPEED="55000" ATK_SPEED="0" EQUIP_SCALE="0" ESSENCE_SCALE="0" GOLD_SCALE="0" PHYSICAL_BREAK="100" VPREGEN="0" MAXHP_ADD_RATE="0" ATK_ADD_RATE="0" DEF_ADD_RATE="0" CRITICAL_ADD_RATE="0" />
  <Object ID="PlayerAtt26" MAXHP="2550" MAXSP="0" SpRegenTime="" ATK_VALUE="2550" DEF_VALUE="50" DODGE_VALUE="50" CRITICAL_VALUE="50" HPREGEN="0" CRITICAL_RATIO_VALUE="100" RESIST_VALUE="0" DEF_CRITICAL_RATIO_VALUE="50" DEF_HALT_VALUE="100" DEF_SLOW_VALUE="100" DEF_SILENCE_VALUE="100" DEF_DIZZY_VALUE="100" DEF_FREZE_VALUE="100" MOVE_SPEED="55000" ATK_SPEED="0" EQUIP_SCALE="0" ESSENCE_SCALE="0" GOLD_SCALE="0" PHYSICAL_BREAK="100" VPREGEN="0" MAXHP_ADD_RATE="0" ATK_ADD_RATE="0" DEF_ADD_RATE="0" CRITICAL_ADD_RATE="0" />
  <Object ID="PlayerAtt27" MAXHP="2650" MAXSP="0" SpRegenTime="" ATK_VALUE="2650" DEF_VALUE="50" DODGE_VALUE="50" CRITICAL_VALUE="50" HPREGEN="0" CRITICAL_RATIO_VALUE="100" RESIST_VALUE="0" DEF_CRITICAL_RATIO_VALUE="50" DEF_HALT_VALUE="100" DEF_SLOW_VALUE="100" DEF_SILENCE_VALUE="100" DEF_DIZZY_VALUE="100" DEF_FREZE_VALUE="100" MOVE_SPEED="55000" ATK_SPEED="0" EQUIP_SCALE="0" ESSENCE_SCALE="0" GOLD_SCALE="0" PHYSICAL_BREAK="100" VPREGEN="0" MAXHP_ADD_RATE="0" ATK_ADD_RATE="0" DEF_ADD_RATE="0" CRITICAL_ADD_RATE="0" />
  <Object ID="PlayerAtt28" MAXHP="2750" MAXSP="0" SpRegenTime="" ATK_VALUE="2750" DEF_VALUE="50" DODGE_VALUE="50" CRITICAL_VALUE="50" HPREGEN="0" CRITICAL_RATIO_VALUE="100" RESIST_VALUE="0" DEF_CRITICAL_RATIO_VALUE="50" DEF_HALT_VALUE="100" DEF_SLOW_VALUE="100" DEF_SILENCE_VALUE="100" DEF_DIZZY_VALUE="100" DEF_FREZE_VALUE="100" MOVE_SPEED="55000" ATK_SPEED="0" EQUIP_SCALE="0" ESSENCE_SCALE="0" GOLD_SCALE="0" PHYSICAL_BREAK="100" VPREGEN="0" MAXHP_ADD_RATE="0" ATK_ADD_RATE="0" DEF_ADD_RATE="0" CRITICAL_ADD_RATE="0" />
  <Object ID="PlayerAtt29" MAXHP="2850" MAXSP="0" SpRegenTime="" ATK_VALUE="2850" DEF_VALUE="50" DODGE_VALUE="50" CRITICAL_VALUE="50" HPREGEN="0" CRITICAL_RATIO_VALUE="100" RESIST_VALUE="0" DEF_CRITICAL_RATIO_VALUE="50" DEF_HALT_VALUE="100" DEF_SLOW_VALUE="100" DEF_SILENCE_VALUE="100" DEF_DIZZY_VALUE="100" DEF_FREZE_VALUE="100" MOVE_SPEED="55000" ATK_SPEED="0" EQUIP_SCALE="0" ESSENCE_SCALE="0" GOLD_SCALE="0" PHYSICAL_BREAK="100" VPREGEN="0" MAXHP_ADD_RATE="0" ATK_ADD_RATE="0" DEF_ADD_RATE="0" CRITICAL_ADD_RATE="0" />
  <Object ID="PlayerAtt30" MAXHP="2950" MAXSP="0" SpRegenTime="" ATK_VALUE="2950" DEF_VALUE="50" DODGE_VALUE="50" CRITICAL_VALUE="50" HPREGEN="0" CRITICAL_RATIO_VALUE="100" RESIST_VALUE="0" DEF_CRITICAL_RATIO_VALUE="50" DEF_HALT_VALUE="100" DEF_SLOW_VALUE="100" DEF_SILENCE_VALUE="100" DEF_DIZZY_VALUE="100" DEF_FREZE_VALUE="100" MOVE_SPEED="55000" ATK_SPEED="0" EQUIP_SCALE="0" ESSENCE_SCALE="0" GOLD_SCALE="0" PHYSICAL_BREAK="100" VPREGEN="0" MAXHP_ADD_RATE="0" ATK_ADD_RATE="0" DEF_ADD_RATE="0" CRITICAL_ADD_RATE="0" />
  <Object ID="PlayerAtt31" MAXHP="3050" MAXSP="0" SpRegenTime="" ATK_VALUE="3050" DEF_VALUE="50" DODGE_VALUE="50" CRITICAL_VALUE="50" HPREGEN="0" CRITICAL_RATIO_VALUE="100" RESIST_VALUE="0" DEF_CRITICAL_RATIO_VALUE="50" DEF_HALT_VALUE="100" DEF_SLOW_VALUE="100" DEF_SILENCE_VALUE="100" DEF_DIZZY_VALUE="100" DEF_FREZE_VALUE="100" MOVE_SPEED="55000" ATK_SPEED="0" EQUIP_SCALE="0" ESSENCE_SCALE="0" GOLD_SCALE="0" PHYSICAL_BREAK="100" VPREGEN="0" MAXHP_ADD_RATE="0" ATK_ADD_RATE="0" DEF_ADD_RATE="0" CRITICAL_ADD_RATE="0" />
  <Object ID="PlayerAtt32" MAXHP="3150" MAXSP="0" SpRegenTime="" ATK_VALUE="3150" DEF_VALUE="50" DODGE_VALUE="50" CRITICAL_VALUE="50" HPREGEN="0" CRITICAL_RATIO_VALUE="100" RESIST_VALUE="0" DEF_CRITICAL_RATIO_VALUE="50" DEF_HALT_VALUE="100" DEF_SLOW_VALUE="100" DEF_SILENCE_VALUE="100" DEF_DIZZY_VALUE="100" DEF_FREZE_VALUE="100" MOVE_SPEED="55000" ATK_SPEED="0" EQUIP_SCALE="0" ESSENCE_SCALE="0" GOLD_SCALE="0" PHYSICAL_BREAK="100" VPREGEN="0" MAXHP_ADD_RATE="0" ATK_ADD_RATE="0" DEF_ADD_RATE="0" CRITICAL_ADD_RATE="0" />
  <Object ID="PlayerAtt33" MAXHP="3250" MAXSP="0" SpRegenTime="" ATK_VALUE="3250" DEF_VALUE="50" DODGE_VALUE="50" CRITICAL_VALUE="50" HPREGEN="0" CRITICAL_RATIO_VALUE="100" RESIST_VALUE="0" DEF_CRITICAL_RATIO_VALUE="50" DEF_HALT_VALUE="100" DEF_SLOW_VALUE="100" DEF_SILENCE_VALUE="100" DEF_DIZZY_VALUE="100" DEF_FREZE_VALUE="100" MOVE_SPEED="55000" ATK_SPEED="0" EQUIP_SCALE="0" ESSENCE_SCALE="0" GOLD_SCALE="0" PHYSICAL_BREAK="100" VPREGEN="0" MAXHP_ADD_RATE="0" ATK_ADD_RATE="0" DEF_ADD_RATE="0" CRITICAL_ADD_RATE="0" />
  <Object ID="PlayerAtt34" MAXHP="3350" MAXSP="0" SpRegenTime="" ATK_VALUE="3350" DEF_VALUE="50" DODGE_VALUE="50" CRITICAL_VALUE="50" HPREGEN="0" CRITICAL_RATIO_VALUE="100" RESIST_VALUE="0" DEF_CRITICAL_RATIO_VALUE="50" DEF_HALT_VALUE="100" DEF_SLOW_VALUE="100" DEF_SILENCE_VALUE="100" DEF_DIZZY_VALUE="100" DEF_FREZE_VALUE="100" MOVE_SPEED="55000" ATK_SPEED="0" EQUIP_SCALE="0" ESSENCE_SCALE="0" GOLD_SCALE="0" PHYSICAL_BREAK="100" VPREGEN="0" MAXHP_ADD_RATE="0" ATK_ADD_RATE="0" DEF_ADD_RATE="0" CRITICAL_ADD_RATE="0" />
  <Object ID="PlayerAtt35" MAXHP="3450" MAXSP="0" SpRegenTime="" ATK_VALUE="3450" DEF_VALUE="50" DODGE_VALUE="50" CRITICAL_VALUE="50" HPREGEN="0" CRITICAL_RATIO_VALUE="100" RESIST_VALUE="0" DEF_CRITICAL_RATIO_VALUE="50" DEF_HALT_VALUE="100" DEF_SLOW_VALUE="100" DEF_SILENCE_VALUE="100" DEF_DIZZY_VALUE="100" DEF_FREZE_VALUE="100" MOVE_SPEED="55000" ATK_SPEED="0" EQUIP_SCALE="0" ESSENCE_SCALE="0" GOLD_SCALE="0" PHYSICAL_BREAK="100" VPREGEN="0" MAXHP_ADD_RATE="0" ATK_ADD_RATE="0" DEF_ADD_RATE="0" CRITICAL_ADD_RATE="0" />
  <Object ID="PlayerAtt36" MAXHP="3550" MAXSP="0" SpRegenTime="" ATK_VALUE="3550" DEF_VALUE="50" DODGE_VALUE="50" CRITICAL_VALUE="50" HPREGEN="0" CRITICAL_RATIO_VALUE="100" RESIST_VALUE="0" DEF_CRITICAL_RATIO_VALUE="50" DEF_HALT_VALUE="100" DEF_SLOW_VALUE="100" DEF_SILENCE_VALUE="100" DEF_DIZZY_VALUE="100" DEF_FREZE_VALUE="100" MOVE_SPEED="55000" ATK_SPEED="0" EQUIP_SCALE="0" ESSENCE_SCALE="0" GOLD_SCALE="0" PHYSICAL_BREAK="100" VPREGEN="0" MAXHP_ADD_RATE="0" ATK_ADD_RATE="0" DEF_ADD_RATE="0" CRITICAL_ADD_RATE="0" />
  <Object ID="PlayerAtt37" MAXHP="3650" MAXSP="0" SpRegenTime="" ATK_VALUE="3650" DEF_VALUE="50" DODGE_VALUE="50" CRITICAL_VALUE="50" HPREGEN="0" CRITICAL_RATIO_VALUE="100" RESIST_VALUE="0" DEF_CRITICAL_RATIO_VALUE="50" DEF_HALT_VALUE="100" DEF_SLOW_VALUE="100" DEF_SILENCE_VALUE="100" DEF_DIZZY_VALUE="100" DEF_FREZE_VALUE="100" MOVE_SPEED="55000" ATK_SPEED="0" EQUIP_SCALE="0" ESSENCE_SCALE="0" GOLD_SCALE="0" PHYSICAL_BREAK="100" VPREGEN="0" MAXHP_ADD_RATE="0" ATK_ADD_RATE="0" DEF_ADD_RATE="0" CRITICAL_ADD_RATE="0" />
  <Object ID="PlayerAtt38" MAXHP="3750" MAXSP="0" SpRegenTime="" ATK_VALUE="3750" DEF_VALUE="50" DODGE_VALUE="50" CRITICAL_VALUE="50" HPREGEN="0" CRITICAL_RATIO_VALUE="100" RESIST_VALUE="0" DEF_CRITICAL_RATIO_VALUE="50" DEF_HALT_VALUE="100" DEF_SLOW_VALUE="100" DEF_SILENCE_VALUE="100" DEF_DIZZY_VALUE="100" DEF_FREZE_VALUE="100" MOVE_SPEED="55000" ATK_SPEED="0" EQUIP_SCALE="0" ESSENCE_SCALE="0" GOLD_SCALE="0" PHYSICAL_BREAK="100" VPREGEN="0" MAXHP_ADD_RATE="0" ATK_ADD_RATE="0" DEF_ADD_RATE="0" CRITICAL_ADD_RATE="0" />
  <Object ID="PlayerAtt39" MAXHP="3850" MAXSP="0" SpRegenTime="" ATK_VALUE="3850" DEF_VALUE="50" DODGE_VALUE="50" CRITICAL_VALUE="50" HPREGEN="0" CRITICAL_RATIO_VALUE="100" RESIST_VALUE="0" DEF_CRITICAL_RATIO_VALUE="50" DEF_HALT_VALUE="100" DEF_SLOW_VALUE="100" DEF_SILENCE_VALUE="100" DEF_DIZZY_VALUE="100" DEF_FREZE_VALUE="100" MOVE_SPEED="55000" ATK_SPEED="0" EQUIP_SCALE="0" ESSENCE_SCALE="0" GOLD_SCALE="0" PHYSICAL_BREAK="100" VPREGEN="0" MAXHP_ADD_RATE="0" ATK_ADD_RATE="0" DEF_ADD_RATE="0" CRITICAL_ADD_RATE="0" />
  <Object ID="PlayerAtt40" MAXHP="3950" MAXSP="0" SpRegenTime="" ATK_VALUE="3950" DEF_VALUE="50" DODGE_VALUE="50" CRITICAL_VALUE="50" HPREGEN="0" CRITICAL_RATIO_VALUE="100" RESIST_VALUE="0" DEF_CRITICAL_RATIO_VALUE="50" DEF_HALT_VALUE="100" DEF_SLOW_VALUE="100" DEF_SILENCE_VALUE="100" DEF_DIZZY_VALUE="100" DEF_FREZE_VALUE="100" MOVE_SPEED="55000" ATK_SPEED="0" EQUIP_SCALE="0" ESSENCE_SCALE="0" GOLD_SCALE="0" PHYSICAL_BREAK="100" VPREGEN="0" MAXHP_ADD_RATE="0" ATK_ADD_RATE="0" DEF_ADD_RATE="0" CRITICAL_ADD_RATE="0" />
  <Object ID="PlayerAtt41" MAXHP="4050" MAXSP="0" SpRegenTime="" ATK_VALUE="4050" DEF_VALUE="50" DODGE_VALUE="50" CRITICAL_VALUE="50" HPREGEN="0" CRITICAL_RATIO_VALUE="100" RESIST_VALUE="0" DEF_CRITICAL_RATIO_VALUE="50" DEF_HALT_VALUE="100" DEF_SLOW_VALUE="100" DEF_SILENCE_VALUE="100" DEF_DIZZY_VALUE="100" DEF_FREZE_VALUE="100" MOVE_SPEED="55000" ATK_SPEED="0" EQUIP_SCALE="0" ESSENCE_SCALE="0" GOLD_SCALE="0" PHYSICAL_BREAK="100" VPREGEN="0" MAXHP_ADD_RATE="0" ATK_ADD_RATE="0" DEF_ADD_RATE="0" CRITICAL_ADD_RATE="0" />
  <Object ID="PlayerAtt42" MAXHP="4150" MAXSP="0" SpRegenTime="" ATK_VALUE="4150" DEF_VALUE="50" DODGE_VALUE="50" CRITICAL_VALUE="50" HPREGEN="0" CRITICAL_RATIO_VALUE="100" RESIST_VALUE="0" DEF_CRITICAL_RATIO_VALUE="50" DEF_HALT_VALUE="100" DEF_SLOW_VALUE="100" DEF_SILENCE_VALUE="100" DEF_DIZZY_VALUE="100" DEF_FREZE_VALUE="100" MOVE_SPEED="55000" ATK_SPEED="0" EQUIP_SCALE="0" ESSENCE_SCALE="0" GOLD_SCALE="0" PHYSICAL_BREAK="100" VPREGEN="0" MAXHP_ADD_RATE="0" ATK_ADD_RATE="0" DEF_ADD_RATE="0" CRITICAL_ADD_RATE="0" />
  <Object ID="PlayerAtt43" MAXHP="4250" MAXSP="0" SpRegenTime="" ATK_VALUE="4250" DEF_VALUE="50" DODGE_VALUE="50" CRITICAL_VALUE="50" HPREGEN="0" CRITICAL_RATIO_VALUE="100" RESIST_VALUE="0" DEF_CRITICAL_RATIO_VALUE="50" DEF_HALT_VALUE="100" DEF_SLOW_VALUE="100" DEF_SILENCE_VALUE="100" DEF_DIZZY_VALUE="100" DEF_FREZE_VALUE="100" MOVE_SPEED="55000" ATK_SPEED="0" EQUIP_SCALE="0" ESSENCE_SCALE="0" GOLD_SCALE="0" PHYSICAL_BREAK="100" VPREGEN="0" MAXHP_ADD_RATE="0" ATK_ADD_RATE="0" DEF_ADD_RATE="0" CRITICAL_ADD_RATE="0" />
  <Object ID="PlayerAtt44" MAXHP="4350" MAXSP="0" SpRegenTime="" ATK_VALUE="4350" DEF_VALUE="50" DODGE_VALUE="50" CRITICAL_VALUE="50" HPREGEN="0" CRITICAL_RATIO_VALUE="100" RESIST_VALUE="0" DEF_CRITICAL_RATIO_VALUE="50" DEF_HALT_VALUE="100" DEF_SLOW_VALUE="100" DEF_SILENCE_VALUE="100" DEF_DIZZY_VALUE="100" DEF_FREZE_VALUE="100" MOVE_SPEED="55000" ATK_SPEED="0" EQUIP_SCALE="0" ESSENCE_SCALE="0" GOLD_SCALE="0" PHYSICAL_BREAK="100" VPREGEN="0" MAXHP_ADD_RATE="0" ATK_ADD_RATE="0" DEF_ADD_RATE="0" CRITICAL_ADD_RATE="0" />
  <Object ID="PlayerAtt45" MAXHP="4450" MAXSP="0" SpRegenTime="" ATK_VALUE="4450" DEF_VALUE="50" DODGE_VALUE="50" CRITICAL_VALUE="50" HPREGEN="0" CRITICAL_RATIO_VALUE="100" RESIST_VALUE="0" DEF_CRITICAL_RATIO_VALUE="50" DEF_HALT_VALUE="100" DEF_SLOW_VALUE="100" DEF_SILENCE_VALUE="100" DEF_DIZZY_VALUE="100" DEF_FREZE_VALUE="100" MOVE_SPEED="55000" ATK_SPEED="0" EQUIP_SCALE="0" ESSENCE_SCALE="0" GOLD_SCALE="0" PHYSICAL_BREAK="100" VPREGEN="0" MAXHP_ADD_RATE="0" ATK_ADD_RATE="0" DEF_ADD_RATE="0" CRITICAL_ADD_RATE="0" />
  <Object ID="PlayerAtt46" MAXHP="4550" MAXSP="0" SpRegenTime="" ATK_VALUE="4550" DEF_VALUE="50" DODGE_VALUE="50" CRITICAL_VALUE="50" HPREGEN="0" CRITICAL_RATIO_VALUE="100" RESIST_VALUE="0" DEF_CRITICAL_RATIO_VALUE="50" DEF_HALT_VALUE="100" DEF_SLOW_VALUE="100" DEF_SILENCE_VALUE="100" DEF_DIZZY_VALUE="100" DEF_FREZE_VALUE="100" MOVE_SPEED="55000" ATK_SPEED="0" EQUIP_SCALE="0" ESSENCE_SCALE="0" GOLD_SCALE="0" PHYSICAL_BREAK="100" VPREGEN="0" MAXHP_ADD_RATE="0" ATK_ADD_RATE="0" DEF_ADD_RATE="0" CRITICAL_ADD_RATE="0" />
  <Object ID="PlayerAtt47" MAXHP="4650" MAXSP="0" SpRegenTime="" ATK_VALUE="4650" DEF_VALUE="50" DODGE_VALUE="50" CRITICAL_VALUE="50" HPREGEN="0" CRITICAL_RATIO_VALUE="100" RESIST_VALUE="0" DEF_CRITICAL_RATIO_VALUE="50" DEF_HALT_VALUE="100" DEF_SLOW_VALUE="100" DEF_SILENCE_VALUE="100" DEF_DIZZY_VALUE="100" DEF_FREZE_VALUE="100" MOVE_SPEED="55000" ATK_SPEED="0" EQUIP_SCALE="0" ESSENCE_SCALE="0" GOLD_SCALE="0" PHYSICAL_BREAK="100" VPREGEN="0" MAXHP_ADD_RATE="0" ATK_ADD_RATE="0" DEF_ADD_RATE="0" CRITICAL_ADD_RATE="0" />
  <Object ID="PlayerAtt48" MAXHP="4750" MAXSP="0" SpRegenTime="" ATK_VALUE="4750" DEF_VALUE="50" DODGE_VALUE="50" CRITICAL_VALUE="50" HPREGEN="0" CRITICAL_RATIO_VALUE="100" RESIST_VALUE="0" DEF_CRITICAL_RATIO_VALUE="50" DEF_HALT_VALUE="100" DEF_SLOW_VALUE="100" DEF_SILENCE_VALUE="100" DEF_DIZZY_VALUE="100" DEF_FREZE_VALUE="100" MOVE_SPEED="55000" ATK_SPEED="0" EQUIP_SCALE="0" ESSENCE_SCALE="0" GOLD_SCALE="0" PHYSICAL_BREAK="100" VPREGEN="0" MAXHP_ADD_RATE="0" ATK_ADD_RATE="0" DEF_ADD_RATE="0" CRITICAL_ADD_RATE="0" />
  <Object ID="PlayerAtt49" MAXHP="4850" MAXSP="0" SpRegenTime="" ATK_VALUE="4850" DEF_VALUE="50" DODGE_VALUE="50" CRITICAL_VALUE="50" HPREGEN="0" CRITICAL_RATIO_VALUE="100" RESIST_VALUE="0" DEF_CRITICAL_RATIO_VALUE="50" DEF_HALT_VALUE="100" DEF_SLOW_VALUE="100" DEF_SILENCE_VALUE="100" DEF_DIZZY_VALUE="100" DEF_FREZE_VALUE="100" MOVE_SPEED="55000" ATK_SPEED="0" EQUIP_SCALE="0" ESSENCE_SCALE="0" GOLD_SCALE="0" PHYSICAL_BREAK="100" VPREGEN="0" MAXHP_ADD_RATE="0" ATK_ADD_RATE="0" DEF_ADD_RATE="0" CRITICAL_ADD_RATE="0" />
  <Object ID="PlayerAtt50" MAXHP="4950" MAXSP="0" SpRegenTime="" ATK_VALUE="4950" DEF_VALUE="50" DODGE_VALUE="50" CRITICAL_VALUE="50" HPREGEN="0" CRITICAL_RATIO_VALUE="100" RESIST_VALUE="0" DEF_CRITICAL_RATIO_VALUE="50" DEF_HALT_VALUE="100" DEF_SLOW_VALUE="100" DEF_SILENCE_VALUE="100" DEF_DIZZY_VALUE="100" DEF_FREZE_VALUE="100" MOVE_SPEED="55000" ATK_SPEED="0" EQUIP_SCALE="0" ESSENCE_SCALE="0" GOLD_SCALE="0" PHYSICAL_BREAK="100" VPREGEN="0" MAXHP_ADD_RATE="0" ATK_ADD_RATE="0" DEF_ADD_RATE="0" CRITICAL_ADD_RATE="0" />
  <Object ID="PlayerAtt51" MAXHP="5050" MAXSP="0" SpRegenTime="" ATK_VALUE="5050" DEF_VALUE="50" DODGE_VALUE="50" CRITICAL_VALUE="50" HPREGEN="0" CRITICAL_RATIO_VALUE="100" RESIST_VALUE="0" DEF_CRITICAL_RATIO_VALUE="50" DEF_HALT_VALUE="100" DEF_SLOW_VALUE="100" DEF_SILENCE_VALUE="100" DEF_DIZZY_VALUE="100" DEF_FREZE_VALUE="100" MOVE_SPEED="55000" ATK_SPEED="0" EQUIP_SCALE="0" ESSENCE_SCALE="0" GOLD_SCALE="0" PHYSICAL_BREAK="100" VPREGEN="0" MAXHP_ADD_RATE="0" ATK_ADD_RATE="0" DEF_ADD_RATE="0" CRITICAL_ADD_RATE="0" />
  <Object ID="PlayerAtt52" MAXHP="5150" MAXSP="0" SpRegenTime="" ATK_VALUE="5150" DEF_VALUE="50" DODGE_VALUE="50" CRITICAL_VALUE="50" HPREGEN="0" CRITICAL_RATIO_VALUE="100" RESIST_VALUE="0" DEF_CRITICAL_RATIO_VALUE="50" DEF_HALT_VALUE="100" DEF_SLOW_VALUE="100" DEF_SILENCE_VALUE="100" DEF_DIZZY_VALUE="100" DEF_FREZE_VALUE="100" MOVE_SPEED="55000" ATK_SPEED="0" EQUIP_SCALE="0" ESSENCE_SCALE="0" GOLD_SCALE="0" PHYSICAL_BREAK="100" VPREGEN="0" MAXHP_ADD_RATE="0" ATK_ADD_RATE="0" DEF_ADD_RATE="0" CRITICAL_ADD_RATE="0" />
  <Object ID="PlayerAtt53" MAXHP="5250" MAXSP="0" SpRegenTime="" ATK_VALUE="5250" DEF_VALUE="50" DODGE_VALUE="50" CRITICAL_VALUE="50" HPREGEN="0" CRITICAL_RATIO_VALUE="100" RESIST_VALUE="0" DEF_CRITICAL_RATIO_VALUE="50" DEF_HALT_VALUE="100" DEF_SLOW_VALUE="100" DEF_SILENCE_VALUE="100" DEF_DIZZY_VALUE="100" DEF_FREZE_VALUE="100" MOVE_SPEED="55000" ATK_SPEED="0" EQUIP_SCALE="0" ESSENCE_SCALE="0" GOLD_SCALE="0" PHYSICAL_BREAK="100" VPREGEN="0" MAXHP_ADD_RATE="0" ATK_ADD_RATE="0" DEF_ADD_RATE="0" CRITICAL_ADD_RATE="0" />
  <Object ID="PlayerAtt54" MAXHP="5350" MAXSP="0" SpRegenTime="" ATK_VALUE="5350" DEF_VALUE="50" DODGE_VALUE="50" CRITICAL_VALUE="50" HPREGEN="0" CRITICAL_RATIO_VALUE="100" RESIST_VALUE="0" DEF_CRITICAL_RATIO_VALUE="50" DEF_HALT_VALUE="100" DEF_SLOW_VALUE="100" DEF_SILENCE_VALUE="100" DEF_DIZZY_VALUE="100" DEF_FREZE_VALUE="100" MOVE_SPEED="55000" ATK_SPEED="0" EQUIP_SCALE="0" ESSENCE_SCALE="0" GOLD_SCALE="0" PHYSICAL_BREAK="100" VPREGEN="0" MAXHP_ADD_RATE="0" ATK_ADD_RATE="0" DEF_ADD_RATE="0" CRITICAL_ADD_RATE="0" />
  <Object ID="PlayerAtt55" MAXHP="5450" MAXSP="0" SpRegenTime="" ATK_VALUE="5450" DEF_VALUE="50" DODGE_VALUE="50" CRITICAL_VALUE="50" HPREGEN="0" CRITICAL_RATIO_VALUE="100" RESIST_VALUE="0" DEF_CRITICAL_RATIO_VALUE="50" DEF_HALT_VALUE="100" DEF_SLOW_VALUE="100" DEF_SILENCE_VALUE="100" DEF_DIZZY_VALUE="100" DEF_FREZE_VALUE="100" MOVE_SPEED="55000" ATK_SPEED="0" EQUIP_SCALE="0" ESSENCE_SCALE="0" GOLD_SCALE="0" PHYSICAL_BREAK="100" VPREGEN="0" MAXHP_ADD_RATE="0" ATK_ADD_RATE="0" DEF_ADD_RATE="0" CRITICAL_ADD_RATE="0" />
  <Object ID="PlayerAtt56" MAXHP="5550" MAXSP="0" SpRegenTime="" ATK_VALUE="5550" DEF_VALUE="50" DODGE_VALUE="50" CRITICAL_VALUE="50" HPREGEN="0" CRITICAL_RATIO_VALUE="100" RESIST_VALUE="0" DEF_CRITICAL_RATIO_VALUE="50" DEF_HALT_VALUE="100" DEF_SLOW_VALUE="100" DEF_SILENCE_VALUE="100" DEF_DIZZY_VALUE="100" DEF_FREZE_VALUE="100" MOVE_SPEED="55000" ATK_SPEED="0" EQUIP_SCALE="0" ESSENCE_SCALE="0" GOLD_SCALE="0" PHYSICAL_BREAK="100" VPREGEN="0" MAXHP_ADD_RATE="0" ATK_ADD_RATE="0" DEF_ADD_RATE="0" CRITICAL_ADD_RATE="0" />
  <Object ID="PlayerAtt57" MAXHP="5650" MAXSP="0" SpRegenTime="" ATK_VALUE="5650" DEF_VALUE="50" DODGE_VALUE="50" CRITICAL_VALUE="50" HPREGEN="0" CRITICAL_RATIO_VALUE="100" RESIST_VALUE="0" DEF_CRITICAL_RATIO_VALUE="50" DEF_HALT_VALUE="100" DEF_SLOW_VALUE="100" DEF_SILENCE_VALUE="100" DEF_DIZZY_VALUE="100" DEF_FREZE_VALUE="100" MOVE_SPEED="55000" ATK_SPEED="0" EQUIP_SCALE="0" ESSENCE_SCALE="0" GOLD_SCALE="0" PHYSICAL_BREAK="100" VPREGEN="0" MAXHP_ADD_RATE="0" ATK_ADD_RATE="0" DEF_ADD_RATE="0" CRITICAL_ADD_RATE="0" />
  <Object ID="PlayerAtt58" MAXHP="5750" MAXSP="0" SpRegenTime="" ATK_VALUE="5750" DEF_VALUE="50" DODGE_VALUE="50" CRITICAL_VALUE="50" HPREGEN="0" CRITICAL_RATIO_VALUE="100" RESIST_VALUE="0" DEF_CRITICAL_RATIO_VALUE="50" DEF_HALT_VALUE="100" DEF_SLOW_VALUE="100" DEF_SILENCE_VALUE="100" DEF_DIZZY_VALUE="100" DEF_FREZE_VALUE="100" MOVE_SPEED="55000" ATK_SPEED="0" EQUIP_SCALE="0" ESSENCE_SCALE="0" GOLD_SCALE="0" PHYSICAL_BREAK="100" VPREGEN="0" MAXHP_ADD_RATE="0" ATK_ADD_RATE="0" DEF_ADD_RATE="0" CRITICAL_ADD_RATE="0" />
  <Object ID="PlayerAtt59" MAXHP="5850" MAXSP="0" SpRegenTime="" ATK_VALUE="5850" DEF_VALUE="50" DODGE_VALUE="50" CRITICAL_VALUE="50" HPREGEN="0" CRITICAL_RATIO_VALUE="100" RESIST_VALUE="0" DEF_CRITICAL_RATIO_VALUE="50" DEF_HALT_VALUE="100" DEF_SLOW_VALUE="100" DEF_SILENCE_VALUE="100" DEF_DIZZY_VALUE="100" DEF_FREZE_VALUE="100" MOVE_SPEED="55000" ATK_SPEED="0" EQUIP_SCALE="0" ESSENCE_SCALE="0" GOLD_SCALE="0" PHYSICAL_BREAK="100" VPREGEN="0" MAXHP_ADD_RATE="0" ATK_ADD_RATE="0" DEF_ADD_RATE="0" CRITICAL_ADD_RATE="0" />
  <Object ID="PlayerAtt60" MAXHP="5950" MAXSP="0" SpRegenTime="" ATK_VALUE="5950" DEF_VALUE="50" DODGE_VALUE="50" CRITICAL_VALUE="50" HPREGEN="0" CRITICAL_RATIO_VALUE="100" RESIST_VALUE="0" DEF_CRITICAL_RATIO_VALUE="50" DEF_HALT_VALUE="100" DEF_SLOW_VALUE="100" DEF_SILENCE_VALUE="100" DEF_DIZZY_VALUE="100" DEF_FREZE_VALUE="100" MOVE_SPEED="55000" ATK_SPEED="0" EQUIP_SCALE="0" ESSENCE_SCALE="0" GOLD_SCALE="0" PHYSICAL_BREAK="100" VPREGEN="0" MAXHP_ADD_RATE="0" ATK_ADD_RATE="0" DEF_ADD_RATE="0" CRITICAL_ADD_RATE="0" />
</XML>