﻿<?xml version="1.0" encoding="UTF-8" standalone="yes"?>
<XML>
  <Object ID="InitProperty1" Job="0" Level="1" EffectData="PlayerAtt1" SkillIDRef="" ModelPtah="" />
  <Object ID="InitProperty2" Job="0" Level="2" EffectData="PlayerAtt2" SkillIDRef="" ModelPtah="" />
  <Object ID="InitProperty3" Job="0" Level="3" EffectData="PlayerAtt3" SkillIDRef="" ModelPtah="" />
  <Object ID="InitProperty4" Job="0" Level="4" EffectData="PlayerAtt4" SkillIDRef="" ModelPtah="" />
  <Object ID="InitProperty5" Job="0" Level="5" EffectData="PlayerAtt5" SkillIDRef="" ModelPtah="" />
  <Object ID="InitProperty6" Job="0" Level="6" EffectData="PlayerAtt6" SkillIDRef="" ModelPtah="" />
  <Object ID="InitProperty7" Job="0" Level="7" EffectData="PlayerAtt7" SkillIDRef="" ModelPtah="" />
  <Object ID="InitProperty8" Job="0" Level="8" EffectData="PlayerAtt8" SkillIDRef="" ModelPtah="" />
  <Object ID="InitProperty9" Job="0" Level="9" EffectData="PlayerAtt9" SkillIDRef="" ModelPtah="" />
  <Object ID="InitProperty10" Job="0" Level="10" EffectData="PlayerAtt10" SkillIDRef="" ModelPtah="" />
  <Object ID="InitProperty11" Job="0" Level="11" EffectData="PlayerAtt11" SkillIDRef="" ModelPtah="" />
  <Object ID="InitProperty12" Job="0" Level="12" EffectData="PlayerAtt12" SkillIDRef="" ModelPtah="" />
  <Object ID="InitProperty13" Job="0" Level="13" EffectData="PlayerAtt13" SkillIDRef="" ModelPtah="" />
  <Object ID="InitProperty14" Job="0" Level="14" EffectData="PlayerAtt14" SkillIDRef="" ModelPtah="" />
  <Object ID="InitProperty15" Job="0" Level="15" EffectData="PlayerAtt15" SkillIDRef="" ModelPtah="" />
  <Object ID="InitProperty16" Job="0" Level="16" EffectData="PlayerAtt16" SkillIDRef="" ModelPtah="" />
  <Object ID="InitProperty17" Job="0" Level="17" EffectData="PlayerAtt17" SkillIDRef="" ModelPtah="" />
  <Object ID="InitProperty18" Job="0" Level="18" EffectData="PlayerAtt18" SkillIDRef="" ModelPtah="" />
  <Object ID="InitProperty19" Job="0" Level="19" EffectData="PlayerAtt19" SkillIDRef="" ModelPtah="" />
  <Object ID="InitProperty20" Job="0" Level="20" EffectData="PlayerAtt20" SkillIDRef="" ModelPtah="" />
  <Object ID="InitProperty21" Job="0" Level="21" EffectData="PlayerAtt21" SkillIDRef="" ModelPtah="" />
  <Object ID="InitProperty22" Job="0" Level="22" EffectData="PlayerAtt22" SkillIDRef="" ModelPtah="" />
  <Object ID="InitProperty23" Job="0" Level="23" EffectData="PlayerAtt23" SkillIDRef="" ModelPtah="" />
  <Object ID="InitProperty24" Job="0" Level="24" EffectData="PlayerAtt24" SkillIDRef="" ModelPtah="" />
  <Object ID="InitProperty25" Job="0" Level="25" EffectData="PlayerAtt25" SkillIDRef="" ModelPtah="" />
  <Object ID="InitProperty26" Job="0" Level="26" EffectData="PlayerAtt26" SkillIDRef="" ModelPtah="" />
  <Object ID="InitProperty27" Job="0" Level="27" EffectData="PlayerAtt27" SkillIDRef="" ModelPtah="" />
  <Object ID="InitProperty28" Job="0" Level="28" EffectData="PlayerAtt28" SkillIDRef="" ModelPtah="" />
  <Object ID="InitProperty29" Job="0" Level="29" EffectData="PlayerAtt29" SkillIDRef="" ModelPtah="" />
  <Object ID="InitProperty30" Job="0" Level="30" EffectData="PlayerAtt30" SkillIDRef="" ModelPtah="" />
  <Object ID="InitProperty31" Job="0" Level="31" EffectData="PlayerAtt31" SkillIDRef="" ModelPtah="" />
  <Object ID="InitProperty32" Job="0" Level="32" EffectData="PlayerAtt32" SkillIDRef="" ModelPtah="" />
  <Object ID="InitProperty33" Job="0" Level="33" EffectData="PlayerAtt33" SkillIDRef="" ModelPtah="" />
  <Object ID="InitProperty34" Job="0" Level="34" EffectData="PlayerAtt34" SkillIDRef="" ModelPtah="" />
  <Object ID="InitProperty35" Job="0" Level="35" EffectData="PlayerAtt35" SkillIDRef="" ModelPtah="" />
  <Object ID="InitProperty36" Job="0" Level="36" EffectData="PlayerAtt36" SkillIDRef="" ModelPtah="" />
  <Object ID="InitProperty37" Job="0" Level="37" EffectData="PlayerAtt37" SkillIDRef="" ModelPtah="" />
  <Object ID="InitProperty38" Job="0" Level="38" EffectData="PlayerAtt38" SkillIDRef="" ModelPtah="" />
  <Object ID="InitProperty39" Job="0" Level="39" EffectData="PlayerAtt39" SkillIDRef="" ModelPtah="" />
  <Object ID="InitProperty40" Job="0" Level="40" EffectData="PlayerAtt40" SkillIDRef="" ModelPtah="" />
  <Object ID="InitProperty41" Job="0" Level="41" EffectData="PlayerAtt41" SkillIDRef="" ModelPtah="" />
  <Object ID="InitProperty42" Job="0" Level="42" EffectData="PlayerAtt42" SkillIDRef="" ModelPtah="" />
  <Object ID="InitProperty43" Job="0" Level="43" EffectData="PlayerAtt43" SkillIDRef="" ModelPtah="" />
  <Object ID="InitProperty44" Job="0" Level="44" EffectData="PlayerAtt44" SkillIDRef="" ModelPtah="" />
  <Object ID="InitProperty45" Job="0" Level="45" EffectData="PlayerAtt45" SkillIDRef="" ModelPtah="" />
  <Object ID="InitProperty46" Job="0" Level="46" EffectData="PlayerAtt46" SkillIDRef="" ModelPtah="" />
  <Object ID="InitProperty47" Job="0" Level="47" EffectData="PlayerAtt47" SkillIDRef="" ModelPtah="" />
  <Object ID="InitProperty48" Job="0" Level="48" EffectData="PlayerAtt48" SkillIDRef="" ModelPtah="" />
  <Object ID="InitProperty49" Job="0" Level="49" EffectData="PlayerAtt49" SkillIDRef="" ModelPtah="" />
  <Object ID="InitProperty50" Job="0" Level="50" EffectData="PlayerAtt50" SkillIDRef="" ModelPtah="" />
  <Object ID="InitProperty51" Job="0" Level="51" EffectData="PlayerAtt51" SkillIDRef="" ModelPtah="" />
  <Object ID="InitProperty52" Job="0" Level="52" EffectData="PlayerAtt52" SkillIDRef="" ModelPtah="" />
  <Object ID="InitProperty53" Job="0" Level="53" EffectData="PlayerAtt53" SkillIDRef="" ModelPtah="" />
  <Object ID="InitProperty54" Job="0" Level="54" EffectData="PlayerAtt54" SkillIDRef="" ModelPtah="" />
  <Object ID="InitProperty55" Job="0" Level="55" EffectData="PlayerAtt55" SkillIDRef="" ModelPtah="" />
  <Object ID="InitProperty56" Job="0" Level="56" EffectData="PlayerAtt56" SkillIDRef="" ModelPtah="" />
  <Object ID="InitProperty57" Job="0" Level="57" EffectData="PlayerAtt57" SkillIDRef="" ModelPtah="" />
  <Object ID="InitProperty58" Job="0" Level="58" EffectData="PlayerAtt58" SkillIDRef="" ModelPtah="" />
  <Object ID="InitProperty59" Job="0" Level="59" EffectData="PlayerAtt59" SkillIDRef="" ModelPtah="" />
  <Object ID="InitProperty60" Job="0" Level="60" EffectData="PlayerAtt60" SkillIDRef="" ModelPtah="" />
</XML>