﻿<?xml version="1.0" encoding="UTF-8" standalone="yes"?>
<XML>
  <Object ID="Item_Cash_1" ItemType="1" ItemSubType="12" Level="0" Job="1" Quality="1" Bound="1017" ShowName="钱盒子" Desc="装了好多钱" EffectProperty="0" EffectValue="0" EffectData="" ActiveEffectData="" ActiveEffectDataPercent="" Icon="" Atlas="" GetItemList="" GetBuffList="" GetSkill="" CoolDownTime="1" OverlayCount="999" PrefabPath="Prefabs/Item/Item_Cash_1" PerformanceEffect="" PerformanceSound="" ExpiredType="0" BuyPrice="100" SalePrice="100" Script="" Duration="0" />
  <Object ID="Item_HP" ItemType="0" ItemSubType="4" Level="0" Job="1" Quality="1" Bound="1017" ShowName="生命药水" Desc="生命药水" EffectProperty="0" EffectValue="0" EffectData="" ActiveEffectData="" ActiveEffectDataPercent="" Icon="" Atlas="" GetItemList="" GetBuffList="" GetSkill="" CoolDownTime="1" OverlayCount="999" PrefabPath="Prefabs/Item/Item_HP" PerformanceEffect="" PerformanceSound="" ExpiredType="0" BuyPrice="100" SalePrice="100" Script="" Duration="0" />
  <Object ID="Item_MP" ItemType="0" ItemSubType="4" Level="0" Job="1" Quality="1" Bound="1018" ShowName="蓝药" Desc="蓝药" EffectProperty="0" EffectValue="0" EffectData="" ActiveEffectData="" ActiveEffectDataPercent="" Icon="" Atlas="" GetItemList="" GetBuffList="" GetSkill="" CoolDownTime="1" OverlayCount="999" PrefabPath="Prefabs/Item/Item_MP" PerformanceEffect="" PerformanceSound="" ExpiredType="0" BuyPrice="100" SalePrice="100" Script="" Duration="0" />
  <Object ID="Item_EXP" ItemType="0" ItemSubType="4" Level="0" Job="1" Quality="1" Bound="1019" ShowName="经验药" Desc="经验药" EffectProperty="0" EffectValue="0" EffectData="" ActiveEffectData="" ActiveEffectDataPercent="" Icon="" Atlas="" GetItemList="" GetBuffList="" GetSkill="" CoolDownTime="1" OverlayCount="999" PrefabPath="Prefabs/Item/Item_EXP" PerformanceEffect="" PerformanceSound="" ExpiredType="0" BuyPrice="100" SalePrice="100" Script="" Duration="0" />
  <Object ID="Item_New_Award" ItemType="0" ItemSubType="5" Level="0" Job="1" Quality="1" Bound="1018" ShowName="新手大礼包" Desc="新手大礼包" EffectProperty="0" EffectValue="0" EffectData="" ActiveEffectData="" ActiveEffectDataPercent="" Icon="" Atlas="" GetItemList="" GetBuffList="" GetSkill="" CoolDownTime="1" OverlayCount="999" PrefabPath="Prefabs/Item/Item_New_Award" PerformanceEffect="" PerformanceSound="" ExpiredType="0" BuyPrice="100" SalePrice="100" Script="" Duration="0" />
  <Object ID="Gold_1" ItemType="1" ItemSubType="16" Level="0" Job="1" Quality="1" Bound="QDJL-JB" ShowName="金币" Desc="金币" EffectProperty="0" EffectValue="0" EffectData="" ActiveEffectData="" ActiveEffectDataPercent="" Icon="" Atlas="" GetItemList="" GetBuffList="" GetSkill="" CoolDownTime="1" OverlayCount="999" PrefabPath="Prefabs/Item/Gold_1" PerformanceEffect="" PerformanceSound="" ExpiredType="0" BuyPrice="100" SalePrice="100" Script="" Duration="0" />
  <Object ID="Active_Token" ItemType="1" ItemSubType="21" Level="0" Job="10000" Quality="1" Bound="1017" ShowName="活动令牌" Desc="活动令牌" EffectProperty="0" EffectValue="0" EffectData="" ActiveEffectData="" ActiveEffectDataPercent="" Icon="" Atlas="" GetItemList="" GetBuffList="" GetSkill="" CoolDownTime="1" OverlayCount="999" PrefabPath="Prefabs/Item/Active_Token" PerformanceEffect="" PerformanceSound="" ExpiredType="0" BuyPrice="100" SalePrice="100" Script="" Duration="0" />
  <Object ID="Equip_Weapon_1" ItemType="1" ItemSubType="1" Level="1" Job="10000" Quality="1" Bound="50004" ShowName="开山斧" Desc="开山斧武器" EffectProperty="100" EffectValue="100" EffectData="" ActiveEffectData="" ActiveEffectDataPercent="" Icon="" Atlas="" GetItemList="" GetBuffList="" GetSkill="" CoolDownTime="1" OverlayCount="999" PrefabPath="Prefabs/Item/Equip_Weapon_1" PerformanceEffect="" PerformanceSound="" ExpiredType="0" BuyPrice="100" SalePrice="100" Script="" Duration="0" />
</XML>