﻿<?xml version="1.0" encoding="UTF-8" standalone="yes"?>
<XML>
  <Object ID="Langage_Comm_1" English="Langage_1" Chinese="确认" />
  <Object ID="Langage_Comm_2" English="Langage_2" Chinese="取消" />
  <Object ID="Langage_Comm_3" English="Langage_3" Chinese="登录" />
  <Object ID="Langage_Comm_4" English="Langage_4" Chinese="创建角色" />
  <Object ID="Langage_Comm_5" English="Langage_5" Chinese="进入游戏" />
  <Object ID="Langage_Comm_6" English="Langage_6" Chinese="中文_6" />
  <Object ID="Langage_HP" English="" Chinese="" />
  <Object ID="Langage_MAXHP" English="" Chinese="" />
  <Object ID="Langage_MP" English="" Chinese="" />
  <Object ID="Langage_MAXMP" English="" Chinese="" />
  <Object ID="Langage_VP" English="" Chinese="" />
  <Object ID="Langage_ATTACK" English="" Chinese="" />
  <Object ID="Langage_Guild_1" English="Langage_1" Chinese="确认要加入这个公会吗？点击确认加入" />
</XML>