﻿<?xml version="1.0" encoding="UTF-8" standalone="yes"?>
<XML>
  <Object ID="Shop1" Type="1" ItemID="Build_Altar_1" Gold="1" Steel="5" Stone="1" Diamond="100" Level="1" />
  <Object ID="Shop2" Type="1" ItemID="Build_Arena_1" Gold="1" Steel="5" Stone="2" Diamond="200" Level="1" />
  <Object ID="Shop3" Type="2" ItemID="Build_Camp_1" Gold="1" Steel="1" Stone="3" Diamond="300" Level="1" />
  <Object ID="Shop4" Type="2" ItemID="Build_Gold_Mine_1" Gold="1" Steel="1" Stone="4" Diamond="400" Level="1" />
  <Object ID="Shop5" Type="2" ItemID="Build_Item_Hourse_1" Gold="1" Steel="1" Stone="5" Diamond="500" Level="1" />
  <Object ID="Shop6" Type="2" ItemID="Build_League_1" Gold="1" Steel="1" Stone="6" Diamond="600" Level="1" />
  <Object ID="Shop7" Type="2" ItemID="Build_Magic_Hourse_1" Gold="1" Steel="1" Stone="7" Diamond="700" Level="1" />
  <Object ID="Shop8" Type="2" ItemID="Build_Tower_1" Gold="1" Steel="1" Stone="8" Diamond="800" Level="1" />
  <Object ID="Shop9" Type="2" ItemID="Build_Town_1" Gold="1" Steel="1" Stone="9" Diamond="900" Level="1" />
  <Object ID="Shop10" Type="2" ItemID="Build10" Gold="1" Steel="1" Stone="10" Diamond="1000" Level="1" />
  <Object ID="Shop11" Type="2" ItemID="Build11" Gold="1" Steel="1" Stone="11" Diamond="1100" Level="1" />
  <Object ID="Shop12" Type="2" ItemID="Build12" Gold="1" Steel="1" Stone="12" Diamond="1200" Level="1" />
  <Object ID="Shop13" Type="2" ItemID="Build13" Gold="1" Steel="1" Stone="13" Diamond="1300" Level="1" />
  <Object ID="Shop14" Type="2" ItemID="Build14" Gold="1" Steel="1" Stone="14" Diamond="1400" Level="1" />
  <Object ID="Shop15" Type="2" ItemID="Build15" Gold="1" Steel="1" Stone="15" Diamond="1500" Level="1" />
  <Object ID="Shop16" Type="2" ItemID="Build16" Gold="1" Steel="1" Stone="16" Diamond="1600" Level="1" />
  <Object ID="Shop17" Type="2" ItemID="Build17" Gold="1" Steel="1" Stone="17" Diamond="1700" Level="1" />
  <Object ID="Shop18" Type="2" ItemID="Build18" Gold="1" Steel="1" Stone="18" Diamond="1800" Level="1" />
  <Object ID="Shop19" Type="3" ItemID="Build19" Gold="1" Steel="1" Stone="19" Diamond="1900" Level="1" />
  <Object ID="Shop20" Type="3" ItemID="Build20" Gold="1" Steel="1" Stone="20" Diamond="2000" Level="1" />
  <Object ID="Shop21" Type="3" ItemID="Build21" Gold="1" Steel="1" Stone="21" Diamond="2100" Level="1" />
  <Object ID="Shop22" Type="3" ItemID="Build22" Gold="1" Steel="1" Stone="22" Diamond="2200" Level="1" />
  <Object ID="Shop23" Type="4" ItemID="Build23" Gold="1" Steel="1" Stone="23" Diamond="2300" Level="1" />
  <Object ID="Shop24" Type="4" ItemID="Build24" Gold="1" Steel="1" Stone="24" Diamond="2400" Level="1" />
  <Object ID="Shop25" Type="4" ItemID="Build25" Gold="1" Steel="1" Stone="25" Diamond="2500" Level="1" />
  <Object ID="Shop26" Type="5" ItemID="Build26" Gold="1" Steel="1" Stone="26" Diamond="2600" Level="1" />
  <Object ID="Shop27" Type="5" ItemID="Build27" Gold="1" Steel="1" Stone="27" Diamond="2700" Level="1" />
</XML>