﻿<?xml version="1.0" encoding="UTF-8" standalone="yes"?>
<XML>
  <Object ID="Func1" EFT_INFO="1" EFT_BOOOST="1" EFT_LVLUP="1" EFT_CREATE_SOLDER="0" EFT_CREATE_SPEEL="0" EFT_RESEARCH="0" EFT_COLLECT_GOLD="0" EFT_COLLECT_STONE="0" EFT_COLLECT_STEEL="0" EFT_COLLECT_DIAMOND="0" EFT_SELL="0" EFT_REPAIR="0" EFT_CANCEL="0" EFT_FINISH="1" />
  <Object ID="Func2" EFT_INFO="1" EFT_BOOOST="0" EFT_LVLUP="0" EFT_CREATE_SOLDER="1" EFT_CREATE_SPEEL="0" EFT_RESEARCH="0" EFT_COLLECT_GOLD="0" EFT_COLLECT_STONE="0" EFT_COLLECT_STEEL="0" EFT_COLLECT_DIAMOND="0" EFT_SELL="0" EFT_REPAIR="0" EFT_CANCEL="0" EFT_FINISH="1" />
  <Object ID="Func3" EFT_INFO="1" EFT_BOOOST="0" EFT_LVLUP="1" EFT_CREATE_SOLDER="0" EFT_CREATE_SPEEL="1" EFT_RESEARCH="0" EFT_COLLECT_GOLD="0" EFT_COLLECT_STONE="0" EFT_COLLECT_STEEL="0" EFT_COLLECT_DIAMOND="0" EFT_SELL="0" EFT_REPAIR="0" EFT_CANCEL="0" EFT_FINISH="1" />
  <Object ID="Func4" EFT_INFO="1" EFT_BOOOST="0" EFT_LVLUP="0" EFT_CREATE_SOLDER="1" EFT_CREATE_SPEEL="0" EFT_RESEARCH="0" EFT_COLLECT_GOLD="0" EFT_COLLECT_STONE="0" EFT_COLLECT_STEEL="0" EFT_COLLECT_DIAMOND="0" EFT_SELL="0" EFT_REPAIR="0" EFT_CANCEL="0" EFT_FINISH="1" />
  <Object ID="Func5" EFT_INFO="1" EFT_BOOOST="0" EFT_LVLUP="0" EFT_CREATE_SOLDER="0" EFT_CREATE_SPEEL="0" EFT_RESEARCH="0" EFT_COLLECT_GOLD="0" EFT_COLLECT_STONE="0" EFT_COLLECT_STEEL="0" EFT_COLLECT_DIAMOND="0" EFT_SELL="0" EFT_REPAIR="0" EFT_CANCEL="0" EFT_FINISH="1" />
  <Object ID="Func6" EFT_INFO="1" EFT_BOOOST="0" EFT_LVLUP="0" EFT_CREATE_SOLDER="0" EFT_CREATE_SPEEL="0" EFT_RESEARCH="0" EFT_COLLECT_GOLD="0" EFT_COLLECT_STONE="0" EFT_COLLECT_STEEL="0" EFT_COLLECT_DIAMOND="0" EFT_SELL="0" EFT_REPAIR="0" EFT_CANCEL="0" EFT_FINISH="1" />
  <Object ID="Func7" EFT_INFO="1" EFT_BOOOST="0" EFT_LVLUP="0" EFT_CREATE_SOLDER="0" EFT_CREATE_SPEEL="0" EFT_RESEARCH="0" EFT_COLLECT_GOLD="0" EFT_COLLECT_STONE="0" EFT_COLLECT_STEEL="0" EFT_COLLECT_DIAMOND="0" EFT_SELL="0" EFT_REPAIR="0" EFT_CANCEL="0" EFT_FINISH="1" />
  <Object ID="Func8" EFT_INFO="1" EFT_BOOOST="0" EFT_LVLUP="0" EFT_CREATE_SOLDER="0" EFT_CREATE_SPEEL="0" EFT_RESEARCH="0" EFT_COLLECT_GOLD="0" EFT_COLLECT_STONE="0" EFT_COLLECT_STEEL="0" EFT_COLLECT_DIAMOND="0" EFT_SELL="0" EFT_REPAIR="0" EFT_CANCEL="0" EFT_FINISH="1" />
  <Object ID="Func9" EFT_INFO="1" EFT_BOOOST="0" EFT_LVLUP="0" EFT_CREATE_SOLDER="0" EFT_CREATE_SPEEL="0" EFT_RESEARCH="0" EFT_COLLECT_GOLD="0" EFT_COLLECT_STONE="0" EFT_COLLECT_STEEL="0" EFT_COLLECT_DIAMOND="0" EFT_SELL="0" EFT_REPAIR="0" EFT_CANCEL="0" EFT_FINISH="1" />
  <Object ID="Func10" EFT_INFO="1" EFT_BOOOST="0" EFT_LVLUP="0" EFT_CREATE_SOLDER="0" EFT_CREATE_SPEEL="0" EFT_RESEARCH="0" EFT_COLLECT_GOLD="0" EFT_COLLECT_STONE="0" EFT_COLLECT_STEEL="0" EFT_COLLECT_DIAMOND="0" EFT_SELL="0" EFT_REPAIR="0" EFT_CANCEL="0" EFT_FINISH="1" />
  <Object ID="Func11" EFT_INFO="1" EFT_BOOOST="0" EFT_LVLUP="0" EFT_CREATE_SOLDER="0" EFT_CREATE_SPEEL="0" EFT_RESEARCH="0" EFT_COLLECT_GOLD="0" EFT_COLLECT_STONE="0" EFT_COLLECT_STEEL="0" EFT_COLLECT_DIAMOND="0" EFT_SELL="0" EFT_REPAIR="0" EFT_CANCEL="0" EFT_FINISH="1" />
  <Object ID="Func12" EFT_INFO="1" EFT_BOOOST="0" EFT_LVLUP="0" EFT_CREATE_SOLDER="0" EFT_CREATE_SPEEL="0" EFT_RESEARCH="0" EFT_COLLECT_GOLD="0" EFT_COLLECT_STONE="0" EFT_COLLECT_STEEL="0" EFT_COLLECT_DIAMOND="0" EFT_SELL="0" EFT_REPAIR="0" EFT_CANCEL="0" EFT_FINISH="1" />
</XML>