﻿<?xml version="1.0" encoding="UTF-8" standalone="yes"?>
<XML>
  <Object ID="EFT_INFO" Atlas_ResID="msg_icon" />
  <Object ID="EFT_BOOOST" Atlas_ResID="Ssetting" />
  <Object ID="EFT_LVLUP" Atlas_ResID="Ssetting" />
  <Object ID="EFT_CREATE_SOLDER" Atlas_ResID="Ssetting" />
  <Object ID="EFT_CREATE_SPEEL" Atlas_ResID="Ssetting" />
  <Object ID="EFT_RESEARCH" Atlas_ResID="Ssetting" />
  <Object ID="EFT_COLLECT_GOLD" Atlas_ResID="Ssetting" />
  <Object ID="EFT_COLLECT_STONE" Atlas_ResID="Ssetting" />
  <Object ID="EFT_COLLECT_STEEL" Atlas_ResID="Ssetting" />
  <Object ID="EFT_COLLECT_DIAMOND" Atlas_ResID="Ssetting" />
  <Object ID="EFT_SELL" Atlas_ResID="Ssetting" />
  <Object ID="EFT_REPAIR" Atlas_ResID="Ssetting" />
  <Object ID="EFT_CANCEL" Atlas_ResID="Ssetting" />
  <Object ID="EFT_FINISH" Atlas_ResID="Ssetting" />
</XML>