<!-- edited with XMLSpy v2011 (http://www.altova.com) by tom (acer) -->
<XML>
	<WALK>
		<SuwayyahEvents>
			<Suwayyah EventTime="0.0"  EventType="0" EndTime="0.0" DamageRang="0.0" BackHeroDis="0.0" BackNpcDis="0.0" BeAttackParticle="" MethodCall="" MethodParam="" TargetMethodCall="" TargetMethodParam=""/>
		</SuwayyahEvents>
		<BulletEvents>
			<Bullet EventTime="0.0" EventType="0" Speed="0.0" MaxDis="0.0" BulletRang="0.0" BulletBackType="0" BackHeroDis="0.0" BackNpcDis="0.0" TacheDetroy="0" BeAttackParticle="" FireTacheName="" FireTacheOffest="0.0,0.0,0.0" BulletPrefabPath="" MethodCall="" MethodParam="" TargetMethodCall="" TargetMethodParam="" >
				<Bomp BompTime="0.0" BompRang="0.0" BompPrefabPath="" BeAttackParticle="" BackNpcDis="0.0" BackHeroDis="0.0" MethodCall="" MethodParam="" TargetMethodCall="" TargetMethodParam=""/>
			</Bullet>
		</BulletEvents>
		<AnimatorMoves>
			<Move EventTime="0.0" EventType="0" MoveDis="0.0" MoveTime="0.0" MethodCall="" MethodParam=""/>
		</AnimatorMoves>
		<CameraControlEvents>
			<Camera EventTime="0.0" EventType="0" AmountParam="0.0,0.0,0.0" ShakeTime="0.0" MethodCall="" MethodParam=""/>
		</CameraControlEvents>
		<ParticleEvents>
			<Particle EventTime="0.0" Rotation="0" ParticlePath="" TargetTacheName="" TargetTacheOffest ="0.0,0.0,0.0" CastToSurface="0" BindTarget="0" DestroyTime="5" MethodCall="" MethodParam=""/>
		</ParticleEvents>
		<EnableEvents>
			<Enable EventTime="0.0" EventType="0" TargetName="" MethodCall="" MethodParam=""/>
		</EnableEvents>
		<TrailEvents>
			<Trail EventTime="0.0" EventType="0" TargetName="" MethodCall="" MethodParam=""/>
		</TrailEvents>
	</WALK>
	<JUMP>
		<SuwayyahEvents>	
		</SuwayyahEvents>
		<BulletEvents>

		</BulletEvents>
		<AnimatorMoves>
		</AnimatorMoves>
		<CameraControlEvents>
			<Camera EventTime="0.0" EventType="0" AmountParam="0.0,0.0,0.0" ShakeTime="0.0" MethodCall="" MethodParam=""/>
		</CameraControlEvents>
		<ParticleEvents>
			<Particle EventTime="0.01" Rotation="0" ParticlePath="" TargetTacheName="" TargetTacheOffest ="0.0,0.0,0.0" CastToSurface="0" BindTarget="1" DestroyTime="0.5" MethodCall="" MethodParam=""/>
			<Particle EventTime="0.01" Rotation="0" ParticlePath="" TargetTacheName="" TargetTacheOffest ="0.0,0.0,0.0" CastToSurface="0" BindTarget="1" DestroyTime="0.5" MethodCall="" MethodParam=""/>
			<Particle EventTime="0.01" Rotation="0" ParticlePath="" TargetTacheName="" TargetTacheOffest ="0.0,0.0,0.0" CastToSurface="0" BindTarget="1" DestroyTime="0.5" MethodCall="" MethodParam=""/>
		</ParticleEvents>
		<EnableEvents>
			<Enable EventTime="0.0" EventType="0" TargetName="" MethodCall="" MethodParam=""/>
		</EnableEvents>
		<TrailEvents>
			<Trail EventTime="0.0" EventType="0" TargetName="" MethodCall="" MethodParam=""/>
		</TrailEvents>
	</JUMP>
	<NORMALATTACK1>
		<SuwayyahEvents>
			<Suwayyah EventTime="0.5"  EventType="0" EndTime="0.6" DamageRang="0.0" BackHeroDis="0.5" BackNpcDis="0.5" BeAttackParticle="" MethodCall="" MethodParam="" TargetMethodCall="" TargetMethodParam=""/>
		</SuwayyahEvents>
		<BulletEvents>
		</BulletEvents>
		<AnimatorMoves>
			<Move EventTime="0.3" EventType="0" MoveDis="0.5" MoveTime="0.3" MethodCall="" MethodParam=""/>
		</AnimatorMoves>
		<CameraControlEvents>
			<Camera EventTime="0.4" EventType="0" AmountParam="0.5,0.0,0.5" ShakeTime="0.1" MethodCall="" MethodParam=""/>
		</CameraControlEvents>
		<ParticleEvents>
			<Particle EventTime="0.2" Rotation="0" ParticlePath="" TargetTacheName="" TargetTacheOffest ="0.0,0.0,0.0" CastToSurface="0" BindTarget="0" DestroyTime="5" MethodCall="" MethodParam=""/>
		
		</ParticleEvents>
		<EnableEvents>
		</EnableEvents>
		<TrailEvents>
			<Trail EventTime="0.35" EventType="0" TargetName="tag_zfishpoleend" MethodCall="" MethodParam=""/>
			<Trail EventTime="0.62" EventType="1" TargetName="tag_zfishpoleend" MethodCall="" MethodParam=""/>
		</TrailEvents>
	</NORMALATTACK1>
	<NORMALATTACK2>
		<SuwayyahEvents>
		</SuwayyahEvents>
		<BulletEvents>
			<Bullet EventTime="0.0" EventType="0" Speed="0.0" MaxDis="0.0" BulletRang="0.0" BulletBackType="0" BackHeroDis="0.0" BackNpcDis="0.0" TacheDetroy="0" BeAttackParticle="" FireTacheName="" FireTacheOffest="0.0,0.0,0.0" BulletPrefabPath="" MethodCall="" MethodParam="" TargetMethodCall="" TargetMethodParam="" >
				<Bomp BompTime="0.0" BompRang="0.0" BompPrefabPath="" BeAttackParticle="" BackNpcDis="0.0" BackHeroDis="0.0" MethodCall="" MethodParam="" TargetMethodCall="" TargetMethodParam=""/>
			</Bullet>
		</BulletEvents>
		<AnimatorMoves>
			<Move EventTime="0.3" EventType="0" MoveDis="0.5" MoveTime="0.3" MethodCall="" MethodParam=""/>
		</AnimatorMoves>
		<CameraControlEvents>
			<Camera EventTime="0.0" EventType="0" AmountParam="0.0,0.0,0.0" ShakeTime="0.0" MethodCall="" MethodParam=""/>
		</CameraControlEvents>
		<ParticleEvents>
			<Particle EventTime="0.0" Rotation="0" ParticlePath="" TargetTacheName="" TargetTacheOffest ="0.0,0.0,0.0" CastToSurface="0" BindTarget="0" DestroyTime="5" MethodCall="" MethodParam=""/>
			<Particle EventTime="0.0" Rotation="0" ParticlePath="" TargetTacheName="" TargetTacheOffest ="0.0,0.0,0.0" CastToSurface="0" BindTarget="0" DestroyTime="5" MethodCall="" MethodParam=""/>
			<Particle EventTime="0.0" Rotation="0" ParticlePath="" TargetTacheName="" TargetTacheOffest ="0.0,0.0,0.0" CastToSurface="0" BindTarget="0" DestroyTime="5" MethodCall="" MethodParam=""/>
		
		</ParticleEvents>
		<EnableEvents>
			<Enable EventTime="0.0" EventType="0" TargetName="" MethodCall="" MethodParam=""/>
		</EnableEvents>
		<TrailEvents>
			<Trail EventTime="0.35" EventType="0" TargetName="tag_zfishpoleend" MethodCall="" MethodParam=""/>
			<Trail EventTime="0.62" EventType="1" TargetName="tag_zfishpoleend" MethodCall="" MethodParam=""/>
		</TrailEvents>
	</NORMALATTACK2>
	<NORMALATTACK3>
		<SuwayyahEvents>
		</SuwayyahEvents>
		<BulletEvents>
			<Bullet EventTime="0.0" EventType="0" Speed="0.0" MaxDis="0.0" BulletRang="0.0" BulletBackType="0" BackHeroDis="0.0" BackNpcDis="0.0" TacheDetroy="0" BeAttackParticle="" FireTacheName="" FireTacheOffest="0.0,0.0,0.0" BulletPrefabPath="" MethodCall="" MethodParam="" TargetMethodCall="" TargetMethodParam="" >
				<Bomp BompTime="0.0" BompRang="0.0" BompPrefabPath="" BeAttackParticle="" BackNpcDis="0.0" BackHeroDis="0.0" MethodCall="" MethodParam="" TargetMethodCall="" TargetMethodParam=""/>
			</Bullet>
		</BulletEvents>
		<AnimatorMoves>
			<Move EventTime="0.4" EventType="0" MoveDis="0.5" MoveTime="0.3" MethodCall="" MethodParam=""/>
		</AnimatorMoves>
		<CameraControlEvents>
			<Camera EventTime="0.0" EventType="0" AmountParam="0.0,0.0,0.0" ShakeTime="0.0" MethodCall="" MethodParam=""/>
		</CameraControlEvents>
		<ParticleEvents>
				<Particle EventTime="0.1" Rotation="0" ParticlePath="" TargetTacheName="" TargetTacheOffest ="0.0,0.0,0.0" CastToSurface="0" BindTarget="0" DestroyTime="5" MethodCall="" MethodParam=""/>
				<Particle EventTime="0.3" Rotation="0" ParticlePath="" TargetTacheName="" TargetTacheOffest ="0.0,0.0,0.0" CastToSurface="0" BindTarget="0" DestroyTime="5" MethodCall="" MethodParam=""/>
		</ParticleEvents>
		<EnableEvents>
			<Enable EventTime="0.0" EventType="0" TargetName="" MethodCall="" MethodParam=""/>
		</EnableEvents>
		<TrailEvents>
			<Trail EventTime="0.35" EventType="0" TargetName="tag_zfishpoleend" MethodCall="" MethodParam=""/>
			<Trail EventTime="0.62" EventType="1" TargetName="tag_zfishpoleend" MethodCall="" MethodParam=""/>
		</TrailEvents>
	</NORMALATTACK3>
	<NORMALTHUMP>
		<SuwayyahEvents>
		</SuwayyahEvents>
		<BulletEvents>
			<Bullet EventTime="0.0" EventType="0" Speed="0.0" MaxDis="0.0" BulletRang="0.0" BulletBackType="0" BackHeroDis="0.0" BackNpcDis="0.0" TacheDetroy="0" BeAttackParticle="" FireTacheName="" FireTacheOffest="0.0,0.0,0.0" BulletPrefabPath="" MethodCall="" MethodParam="" TargetMethodCall="" TargetMethodParam="" >
				<Bomp BompTime="0.0" BompRang="0.0" BompPrefabPath="" BeAttackParticle="" BackNpcDis="0.0" BackHeroDis="0.0" MethodCall="" MethodParam="" TargetMethodCall="" TargetMethodParam=""/>
			</Bullet>
		</BulletEvents>
		<AnimatorMoves>
			<Move EventTime="0.1" EventType="0" MoveDis="1" MoveTime="0.5" MethodCall="" MethodParam=""/>
		</AnimatorMoves>
		<CameraControlEvents>
			<Camera EventTime="0.0" EventType="0" AmountParam="0.0,0.0,0.0" ShakeTime="0.0" MethodCall="" MethodParam=""/>
		</CameraControlEvents>
		<ParticleEvents>
			<Particle EventTime="0.1" Rotation="0" ParticlePath="" TargetTacheName="" TargetTacheOffest ="0.0,0.0,0.0" CastToSurface="0" BindTarget="0" DestroyTime="5" MethodCall="" MethodParam=""/>
			<Particle EventTime="0.1" Rotation="0" ParticlePath="" TargetTacheName="" TargetTacheOffest ="0.0,0.0,0.0" CastToSurface="0" BindTarget="0" DestroyTime="5" MethodCall="" MethodParam=""/>
			<Particle EventTime="0.2" Rotation="0" ParticlePath="" TargetTacheName="" TargetTacheOffest ="0.0,0.0,0.0" CastToSurface="0" BindTarget="0" DestroyTime="5" MethodCall="" MethodParam=""/>
		
		</ParticleEvents>
		<EnableEvents>
			<Enable EventTime="0.0" EventType="0" TargetName="" MethodCall="" MethodParam=""/>
		</EnableEvents>
		<TrailEvents>
			<Trail EventTime="0.0" EventType="0" TargetName="" MethodCall="" MethodParam=""/>
		</TrailEvents>
	</NORMALTHUMP>
</XML>