﻿<?xml version="1.0" encoding="UTF-8" standalone="yes"?>
<XML>
  <Class Id="IObject" Type="TYPE_IOBJECT" Path="../../NFDataCfg/Struct/Class/IObject.xml" InstancePath="../../NFDataCfg/Ini/NPC/IObject.xml" Public="0" Desc="IObject">
    <Class Id="BB_Build" Type="TYPE_BB_BUILD" Path="../../NFDataCfg/Struct/Class/BB_Build.xml" InstancePath="../../NFDataCfg/Ini/NPC/BB_Build.xml" Public="0" Desc="BB_Build" />
    <Class Id="BB_Player" Type="TYPE_BB_PLAYER" Path="../../NFDataCfg/Struct/Class/BB_Player.xml" InstancePath="../../NFDataCfg/Ini/NPC/BB_Player.xml" Public="0" Desc="BB_Player" />
    <Class Id="Buff" Type="TYPE_BUFF" Path="../../NFDataCfg/Struct/Class/Buff.xml" InstancePath="../../NFDataCfg/Ini/NPC/Buff.xml" Public="0" Desc="Buff" />
    <Class Id="Cost" Type="TYPE_COST" Path="../../NFDataCfg/Struct/Class/Cost.xml" InstancePath="../../NFDataCfg/Ini/NPC/Cost.xml" Public="0" Desc="Cost" />
    <Class Id="EffectData" Type="TYPE_EFFECTDATA" Path="../../NFDataCfg/Struct/Class/EffectData.xml" InstancePath="../../NFDataCfg/Ini/NPC/EffectData.xml" Public="0" Desc="EffectData" />
    <Class Id="Equip" Type="TYPE_EQUIP" Path="../../NFDataCfg/Struct/Class/Equip.xml" InstancePath="../../NFDataCfg/Ini/NPC/Equip.xml" Public="0" Desc="Equip" />
    <Class Id="Guild" Type="TYPE_GUILD" Path="../../NFDataCfg/Struct/Class/Guild.xml" InstancePath="../../NFDataCfg/Ini/NPC/Guild.xml" Public="0" Desc="Guild" />
    <Class Id="GuildName" Type="TYPE_GUILDNAME" Path="../../NFDataCfg/Struct/Class/GuildName.xml" InstancePath="../../NFDataCfg/Ini/NPC/GuildName.xml" Public="0" Desc="GuildName" />
    <Class Id="InitProperty" Type="TYPE_INITPROPERTY" Path="../../NFDataCfg/Struct/Class/InitProperty.xml" InstancePath="../../NFDataCfg/Ini/NPC/InitProperty.xml" Public="0" Desc="InitProperty" />
    <Class Id="Item" Type="TYPE_ITEM" Path="../../NFDataCfg/Struct/Class/Item.xml" InstancePath="../../NFDataCfg/Ini/NPC/Item.xml" Public="0" Desc="Item" />
    <Class Id="Language" Type="TYPE_LANGUAGE" Path="../../NFDataCfg/Struct/Class/Language.xml" InstancePath="../../NFDataCfg/Ini/NPC/Language.xml" Public="0" Desc="Language" />
    <Class Id="NPC" Type="TYPE_NPC" Path="../../NFDataCfg/Struct/Class/NPC.xml" InstancePath="../../NFDataCfg/Ini/NPC/NPC.xml" Public="0" Desc="NPC" />
    <Class Id="Player" Type="TYPE_PLAYER" Path="../../NFDataCfg/Struct/Class/Player.xml" InstancePath="../../NFDataCfg/Ini/NPC/Player.xml" Public="0" Desc="Player" />
    <Class Id="Scene" Type="TYPE_SCENE" Path="../../NFDataCfg/Struct/Class/Scene.xml" InstancePath="../../NFDataCfg/Ini/NPC/Scene.xml" Public="0" Desc="Scene" />
    <Class Id="Server" Type="TYPE_SERVER" Path="../../NFDataCfg/Struct/Class/Server.xml" InstancePath="../../NFDataCfg/Ini/NPC/Server.xml" Public="0" Desc="Server" />
    <Class Id="Shop" Type="TYPE_SHOP" Path="../../NFDataCfg/Struct/Class/Shop.xml" InstancePath="../../NFDataCfg/Ini/NPC/Shop.xml" Public="0" Desc="Shop" />
    <Class Id="Skill" Type="TYPE_SKILL" Path="../../NFDataCfg/Struct/Class/Skill.xml" InstancePath="../../NFDataCfg/Ini/NPC/Skill.xml" Public="0" Desc="Skill" />
    <Class Id="SkillRef" Type="TYPE_SKILLREF" Path="../../NFDataCfg/Struct/Class/SkillRef.xml" InstancePath="../../NFDataCfg/Ini/NPC/SkillRef.xml" Public="0" Desc="SkillRef" />
    <Class Id="SqlServer" Type="TYPE_SQLSERVER" Path="../../NFDataCfg/Struct/Class/SqlServer.xml" InstancePath="../../NFDataCfg/Ini/NPC/SqlServer.xml" Public="0" Desc="SqlServer" />
    <Class Id="StateFuncResources" Type="TYPE_STATEFUNCRESOURCES" Path="../../NFDataCfg/Struct/Class/StateFuncResources.xml" InstancePath="../../NFDataCfg/Ini/NPC/StateFuncResources.xml" Public="0" Desc="StateFuncResources" />
    <Class Id="StateFunction" Type="TYPE_STATEFUNCTION" Path="../../NFDataCfg/Struct/Class/StateFunction.xml" InstancePath="../../NFDataCfg/Ini/NPC/StateFunction.xml" Public="0" Desc="StateFunction" />
    <Class Id="Task" Type="TYPE_TASK" Path="../../NFDataCfg/Struct/Class/Task.xml" InstancePath="../../NFDataCfg/Ini/NPC/Task.xml" Public="0" Desc="Task" />
  </Class>
</XML>